-- phpMyAdmin SQL Dump
-- version 5.1.3
-- https://www.phpmyadmin.net/
--
-- Servidor: 127.0.0.1
-- Tiempo de generación: 10-04-2023 a las 01:21:23
-- Versión del servidor: 10.4.24-MariaDB
-- Versión de PHP: 7.4.28

SET SQL_MODE = "NO_AUTO_VALUE_ON_ZERO";
START TRANSACTION;
SET time_zone = "+00:00";


/*!40101 SET @OLD_CHARACTER_SET_CLIENT=@@CHARACTER_SET_CLIENT */;
/*!40101 SET @OLD_CHARACTER_SET_RESULTS=@@CHARACTER_SET_RESULTS */;
/*!40101 SET @OLD_COLLATION_CONNECTION=@@COLLATION_CONNECTION */;
/*!40101 SET NAMES utf8mb4 */;

--
-- Base de datos: `sistemacine`
--

DELIMITER $$
--
-- Procedimientos
--
CREATE DEFINER=`root`@`localhost` PROCEDURE `RESERVAR` (IN `IDPELI` INT, IN `HORARIO` VARCHAR(10), IN `PRECIO` FLOAT, IN `FECHA` DATETIME, IN `ASIENTO` VARCHAR(5), IN `SALA` VARCHAR(20), IN `DIA` VARCHAR(15), IN `COMPRA` VARCHAR(5), IN `NOMBRE_C` VARCHAR(100), IN `CI_C` VARCHAR(20))  DETERMINISTIC MODIFIES  DATA SQL SECURITY INVOKER BEGIN
DECLARE ID INT;
SET AUTOCOMMIT = 0;
START TRANSACTION;
	
	IF EXISTS(SELECT IDCOMPRADOR FROM COMPRADOR WHERE NOMBRE = NOMBRE_C AND CI = CI_C) THEN
    	SELECT IDCOMPRADOR INTO ID FROM COMPRADOR WHERE NOMBRE = NOMBRE_C AND CI = CI_C;
    INSERT INTO VENTA(IDPELI, HORARIO, PRECIO, FECHA, ASIENTO, SALA, DIA, COMPRA, IDCOMPRADOR) VALUES(IDPELI, HORARIO, PRECIO, NOW(), ASIENTO, SALA, DIA, 'V', ID);
    ELSE 
    	INSERT INTO COMPRADOR(NOMBRE, CI) VALUES(NOMBRE_C, CI_C);
    SELECT IDCOMPRADOR INTO ID FROM COMPRADOR WHERE NOMBRE = NOMBRE_C AND CI = CI_C;
    INSERT INTO VENTA(IDPELI, HORARIO, PRECIO, FECHA, ASIENTO, SALA, DIA, COMPRA, IDCOMPRADOR) VALUES(IDPELI, HORARIO, PRECIO, NOW(), ASIENTO, SALA, DIA, 'V', ID);
    END IF;
COMMIT;
END$$

DELIMITER ;

-- --------------------------------------------------------

--
-- Estructura de tabla para la tabla `asiento`
--

CREATE TABLE `asiento` (
  `IDBUTACA` int(11) NOT NULL,
  `DOMINGO` varchar(2) NOT NULL DEFAULT 'F',
  `LUNES` varchar(2) NOT NULL DEFAULT 'F',
  `MARTES` varchar(2) NOT NULL DEFAULT 'F',
  `MIERCOLES` varchar(2) NOT NULL DEFAULT 'F',
  `JUEVES` varchar(2) NOT NULL DEFAULT 'F',
  `VIERNES` varchar(2) NOT NULL DEFAULT 'F',
  `SABADO` varchar(2) NOT NULL DEFAULT 'F',
  `IDFUNCION` int(11) NOT NULL
) ENGINE=InnoDB DEFAULT CHARSET=utf8;

--
-- Volcado de datos para la tabla `asiento`
--

INSERT INTO `asiento` (`IDBUTACA`, `DOMINGO`, `LUNES`, `MARTES`, `MIERCOLES`, `JUEVES`, `VIERNES`, `SABADO`, `IDFUNCION`) VALUES
(2305, 'F', 'F', 'F', 'F', 'F', 'F', 'F', 91),
(2306, 'F', 'F', 'F', 'F', 'F', 'F', 'F', 91),
(2307, 'F', 'F', 'F', 'F', 'F', 'F', 'F', 91),
(2308, 'O', 'F', 'F', 'O', 'F', 'F', 'F', 91),
(2309, 'O', 'O', 'F', 'O', 'F', 'F', 'F', 91),
(2310, 'O', 'O', 'F', 'O', 'F', 'F', 'F', 91),
(2311, 'F', 'O', 'F', 'F', 'F', 'F', 'F', 91),
(2312, 'F', 'F', 'F', 'F', 'F', 'F', 'F', 91),
(2313, 'F', 'F', 'F', 'F', 'F', 'F', 'F', 91),
(2314, 'F', 'F', 'F', 'F', 'F', 'F', 'F', 91),
(2315, 'F', 'F', 'F', 'F', 'F', 'F', 'F', 91),
(2316, 'O', 'F', 'F', 'F', 'F', 'F', 'F', 91),
(2317, 'O', 'F', 'F', 'F', 'F', 'F', 'F', 91),
(2318, 'O', 'F', 'F', 'F', 'F', 'F', 'F', 91),
(2319, 'F', 'F', 'F', 'F', 'F', 'F', 'F', 91),
(2320, 'F', 'F', 'F', 'F', 'F', 'F', 'F', 91),
(2321, 'F', 'F', 'F', 'F', 'F', 'F', 'F', 91),
(2322, 'F', 'F', 'F', 'F', 'F', 'F', 'F', 91),
(2323, 'F', 'F', 'F', 'F', 'F', 'F', 'F', 91),
(2324, 'F', 'F', 'F', 'F', 'F', 'F', 'F', 91),
(2325, 'F', 'F', 'F', 'F', 'F', 'F', 'F', 91),
(2326, 'F', 'F', 'F', 'F', 'F', 'F', 'F', 91),
(2327, 'F', 'F', 'F', 'F', 'F', 'F', 'F', 91),
(2328, 'F', 'F', 'F', 'F', 'F', 'F', 'F', 91),
(2329, 'F', 'F', 'F', 'F', 'F', 'F', 'F', 91),
(2330, 'F', 'F', 'F', 'F', 'F', 'F', 'F', 91),
(2331, 'F', 'F', 'F', 'F', 'F', 'F', 'F', 91),
(2332, 'F', 'F', 'F', 'F', 'F', 'F', 'F', 91),
(2333, 'F', 'F', 'F', 'F', 'F', 'F', 'F', 91),
(2334, 'F', 'F', 'F', 'F', 'F', 'F', 'F', 91),
(2335, 'F', 'F', 'F', 'F', 'F', 'F', 'F', 91),
(2336, 'F', 'F', 'F', 'F', 'F', 'F', 'F', 91),
(2337, 'F', 'F', 'F', 'F', 'F', 'F', 'F', 91),
(2338, 'F', 'F', 'F', 'F', 'F', 'F', 'F', 91),
(2339, 'F', 'F', 'F', 'O', 'F', 'F', 'F', 91),
(2340, 'F', 'F', 'F', 'O', 'F', 'F', 'F', 91),
(2341, 'F', 'F', 'F', 'O', 'F', 'F', 'F', 91),
(2342, 'F', 'F', 'F', 'O', 'F', 'F', 'F', 91),
(2343, 'F', 'F', 'F', 'F', 'F', 'F', 'F', 91),
(2344, 'F', 'F', 'F', 'F', 'F', 'F', 'F', 91),
(2345, 'F', 'F', 'F', 'F', 'F', 'F', 'F', 91),
(2346, 'F', 'F', 'F', 'F', 'F', 'F', 'F', 91),
(2347, 'F', 'F', 'F', 'F', 'F', 'F', 'F', 91),
(2348, 'F', 'F', 'F', 'F', 'F', 'F', 'F', 91),
(2349, 'F', 'F', 'F', 'F', 'F', 'F', 'F', 91),
(2350, 'F', 'F', 'F', 'F', 'F', 'F', 'F', 91),
(2351, 'F', 'F', 'F', 'F', 'F', 'F', 'F', 91),
(2352, 'F', 'F', 'F', 'F', 'F', 'F', 'F', 91),
(2353, 'F', 'F', 'F', 'F', 'F', 'F', 'F', 91),
(2354, 'F', 'F', 'F', 'F', 'F', 'F', 'F', 91),
(2355, 'F', 'F', 'F', 'F', 'F', 'F', 'F', 91),
(2356, 'F', 'F', 'F', 'F', 'F', 'F', 'F', 91),
(2357, 'F', 'F', 'F', 'F', 'F', 'F', 'F', 91),
(2358, 'F', 'F', 'F', 'F', 'F', 'F', 'F', 91),
(2359, 'F', 'F', 'F', 'F', 'F', 'F', 'F', 91),
(2360, 'F', 'F', 'F', 'F', 'F', 'F', 'F', 91),
(2361, 'F', 'F', 'F', 'F', 'F', 'F', 'F', 91),
(2362, 'F', 'F', 'F', 'F', 'F', 'F', 'F', 91),
(2363, 'F', 'F', 'F', 'F', 'F', 'F', 'F', 91),
(2364, 'F', 'F', 'F', 'F', 'F', 'F', 'F', 91),
(2365, 'F', 'F', 'F', 'F', 'F', 'F', 'F', 91),
(2366, 'F', 'F', 'F', 'F', 'F', 'F', 'F', 91),
(2367, 'F', 'F', 'F', 'F', 'F', 'F', 'F', 91),
(2368, 'F', 'F', 'F', 'F', 'F', 'F', 'F', 91),
(2369, 'F', 'F', 'F', 'F', 'F', 'F', 'F', 92),
(2370, 'F', 'F', 'F', 'F', 'F', 'F', 'F', 92),
(2371, 'F', 'F', 'F', 'F', 'F', 'F', 'F', 92),
(2372, 'F', 'F', 'F', 'F', 'F', 'F', 'F', 92),
(2373, 'F', 'F', 'F', 'F', 'F', 'F', 'F', 92),
(2374, 'F', 'F', 'F', 'F', 'F', 'F', 'F', 92),
(2375, 'F', 'F', 'F', 'F', 'F', 'F', 'F', 92),
(2376, 'F', 'F', 'F', 'F', 'F', 'F', 'F', 92),
(2377, 'F', 'F', 'F', 'F', 'F', 'F', 'F', 92),
(2378, 'F', 'F', 'F', 'F', 'F', 'F', 'F', 92),
(2379, 'O', 'F', 'F', 'F', 'F', 'F', 'F', 92),
(2380, 'O', 'F', 'F', 'F', 'F', 'F', 'F', 92),
(2381, 'O', 'F', 'F', 'F', 'F', 'F', 'F', 92),
(2382, 'F', 'F', 'F', 'F', 'F', 'F', 'F', 92),
(2383, 'F', 'F', 'F', 'F', 'F', 'F', 'F', 92),
(2384, 'F', 'F', 'F', 'F', 'F', 'F', 'F', 92),
(2385, 'F', 'F', 'F', 'F', 'F', 'F', 'F', 92),
(2386, 'F', 'F', 'F', 'F', 'F', 'F', 'F', 92),
(2387, 'F', 'F', 'F', 'F', 'F', 'F', 'F', 92),
(2388, 'F', 'F', 'F', 'F', 'F', 'F', 'F', 92),
(2389, 'F', 'F', 'F', 'F', 'F', 'F', 'F', 92),
(2390, 'F', 'F', 'F', 'F', 'F', 'F', 'F', 92),
(2391, 'F', 'F', 'F', 'F', 'F', 'F', 'F', 92),
(2392, 'F', 'F', 'F', 'F', 'F', 'F', 'F', 92),
(2393, 'F', 'F', 'F', 'F', 'F', 'F', 'F', 92),
(2394, 'F', 'F', 'F', 'F', 'F', 'F', 'F', 92),
(2395, 'F', 'F', 'F', 'F', 'F', 'F', 'F', 92),
(2396, 'F', 'F', 'F', 'F', 'F', 'F', 'F', 92),
(2397, 'F', 'F', 'F', 'F', 'F', 'F', 'F', 92),
(2398, 'F', 'F', 'F', 'F', 'F', 'F', 'F', 92),
(2399, 'F', 'F', 'F', 'F', 'F', 'F', 'F', 92),
(2400, 'F', 'F', 'F', 'F', 'F', 'F', 'F', 92),
(2401, 'F', 'F', 'F', 'F', 'F', 'F', 'F', 92),
(2402, 'F', 'F', 'F', 'F', 'F', 'F', 'F', 92),
(2403, 'F', 'F', 'F', 'F', 'F', 'F', 'F', 92),
(2404, 'F', 'F', 'F', 'F', 'F', 'F', 'F', 92),
(2405, 'F', 'F', 'F', 'F', 'F', 'F', 'F', 92),
(2406, 'F', 'F', 'F', 'F', 'F', 'F', 'F', 92),
(2407, 'F', 'F', 'F', 'F', 'F', 'F', 'F', 92),
(2408, 'F', 'F', 'F', 'F', 'F', 'F', 'F', 92),
(2409, 'F', 'F', 'F', 'F', 'F', 'F', 'F', 92),
(2410, 'F', 'F', 'F', 'F', 'F', 'F', 'F', 92),
(2411, 'F', 'F', 'F', 'F', 'F', 'F', 'F', 92),
(2412, 'F', 'F', 'F', 'F', 'F', 'F', 'F', 92),
(2413, 'F', 'F', 'F', 'F', 'F', 'F', 'F', 92),
(2414, 'F', 'F', 'F', 'F', 'F', 'F', 'F', 92),
(2415, 'F', 'F', 'F', 'F', 'F', 'F', 'F', 92),
(2416, 'F', 'F', 'F', 'F', 'F', 'F', 'F', 92),
(2417, 'F', 'F', 'F', 'F', 'F', 'F', 'F', 92),
(2418, 'F', 'F', 'F', 'F', 'F', 'F', 'F', 92),
(2419, 'F', 'F', 'F', 'F', 'F', 'F', 'F', 92),
(2420, 'F', 'F', 'F', 'F', 'F', 'F', 'F', 92),
(2421, 'F', 'F', 'F', 'F', 'F', 'F', 'F', 92),
(2422, 'F', 'F', 'F', 'F', 'F', 'F', 'F', 92),
(2423, 'F', 'F', 'F', 'F', 'F', 'F', 'F', 92),
(2424, 'F', 'F', 'F', 'F', 'F', 'F', 'F', 92),
(2425, 'F', 'F', 'F', 'F', 'F', 'F', 'F', 92),
(2426, 'F', 'F', 'F', 'F', 'F', 'F', 'F', 92),
(2427, 'F', 'F', 'F', 'F', 'F', 'F', 'F', 92),
(2428, 'F', 'F', 'F', 'F', 'F', 'F', 'F', 92),
(2429, 'F', 'F', 'F', 'F', 'F', 'F', 'F', 92),
(2430, 'F', 'F', 'F', 'F', 'F', 'F', 'F', 92),
(2431, 'F', 'F', 'F', 'F', 'F', 'F', 'F', 92),
(2432, 'F', 'F', 'F', 'F', 'F', 'F', 'F', 92),
(2433, 'F', 'F', 'F', 'F', 'F', 'F', 'F', 93),
(2434, 'F', 'F', 'F', 'F', 'F', 'F', 'F', 93),
(2435, 'F', 'F', 'F', 'F', 'F', 'F', 'F', 93),
(2436, 'F', 'F', 'F', 'F', 'F', 'F', 'F', 93),
(2437, 'F', 'F', 'F', 'F', 'F', 'F', 'F', 93),
(2438, 'F', 'F', 'F', 'F', 'F', 'F', 'F', 93),
(2439, 'F', 'F', 'F', 'F', 'F', 'F', 'F', 93),
(2440, 'F', 'F', 'F', 'F', 'F', 'F', 'F', 93),
(2441, 'F', 'F', 'F', 'F', 'F', 'F', 'F', 93),
(2442, 'F', 'F', 'F', 'F', 'F', 'F', 'F', 93),
(2443, 'O', 'F', 'F', 'F', 'F', 'F', 'F', 93),
(2444, 'O', 'F', 'F', 'F', 'F', 'F', 'F', 93),
(2445, 'O', 'F', 'F', 'F', 'F', 'F', 'F', 93),
(2446, 'F', 'F', 'F', 'F', 'F', 'F', 'F', 93),
(2447, 'F', 'F', 'F', 'F', 'F', 'F', 'F', 93),
(2448, 'F', 'F', 'F', 'F', 'F', 'F', 'F', 93),
(2449, 'F', 'F', 'F', 'F', 'F', 'F', 'F', 93),
(2450, 'F', 'F', 'F', 'F', 'F', 'F', 'F', 93),
(2451, 'F', 'F', 'F', 'F', 'F', 'F', 'F', 93),
(2452, 'O', 'F', 'F', 'F', 'F', 'F', 'F', 93),
(2453, 'O', 'F', 'F', 'F', 'F', 'F', 'F', 93),
(2454, 'O', 'F', 'F', 'F', 'F', 'F', 'F', 93),
(2455, 'F', 'F', 'F', 'F', 'F', 'F', 'F', 93),
(2456, 'F', 'F', 'F', 'F', 'F', 'F', 'F', 93),
(2457, 'F', 'F', 'F', 'F', 'F', 'F', 'F', 93),
(2458, 'F', 'F', 'F', 'F', 'F', 'F', 'F', 93),
(2459, 'F', 'F', 'F', 'F', 'F', 'F', 'F', 93),
(2460, 'O', 'F', 'F', 'F', 'F', 'F', 'F', 93),
(2461, 'O', 'F', 'F', 'F', 'F', 'F', 'F', 93),
(2462, 'O', 'F', 'F', 'F', 'F', 'F', 'F', 93),
(2463, 'F', 'F', 'F', 'F', 'F', 'F', 'F', 93),
(2464, 'F', 'F', 'F', 'F', 'F', 'F', 'F', 93),
(2465, 'F', 'F', 'F', 'F', 'F', 'F', 'F', 93),
(2466, 'F', 'F', 'F', 'F', 'F', 'F', 'F', 93),
(2467, 'F', 'F', 'F', 'O', 'F', 'F', 'F', 93),
(2468, 'F', 'F', 'O', 'O', 'F', 'F', 'F', 93),
(2469, 'F', 'F', 'O', 'O', 'F', 'F', 'F', 93),
(2470, 'F', 'F', 'O', 'F', 'F', 'F', 'F', 93),
(2471, 'F', 'F', 'F', 'F', 'F', 'F', 'F', 93),
(2472, 'F', 'F', 'F', 'F', 'F', 'F', 'F', 93),
(2473, 'F', 'F', 'F', 'F', 'F', 'F', 'F', 93),
(2474, 'F', 'F', 'F', 'F', 'F', 'F', 'F', 93),
(2475, 'F', 'F', 'F', 'F', 'F', 'F', 'F', 93),
(2476, 'F', 'F', 'F', 'F', 'F', 'F', 'F', 93),
(2477, 'F', 'F', 'F', 'F', 'F', 'F', 'F', 93),
(2478, 'F', 'F', 'F', 'F', 'F', 'F', 'F', 93),
(2479, 'F', 'F', 'F', 'F', 'F', 'F', 'F', 93),
(2480, 'F', 'F', 'F', 'F', 'F', 'F', 'F', 93),
(2481, 'F', 'F', 'F', 'F', 'F', 'F', 'F', 93),
(2482, 'F', 'F', 'F', 'F', 'F', 'F', 'F', 93),
(2483, 'F', 'F', 'F', 'F', 'F', 'F', 'F', 93),
(2484, 'F', 'F', 'F', 'F', 'F', 'F', 'F', 93),
(2485, 'F', 'F', 'F', 'F', 'F', 'F', 'F', 93),
(2486, 'F', 'F', 'F', 'F', 'F', 'F', 'F', 93),
(2487, 'F', 'F', 'F', 'F', 'F', 'F', 'F', 93),
(2488, 'F', 'F', 'F', 'F', 'F', 'F', 'F', 93),
(2489, 'F', 'F', 'F', 'F', 'F', 'F', 'F', 93),
(2490, 'F', 'F', 'F', 'F', 'F', 'F', 'F', 93),
(2491, 'F', 'F', 'F', 'F', 'F', 'F', 'F', 93),
(2492, 'F', 'F', 'F', 'F', 'F', 'F', 'F', 93),
(2493, 'F', 'F', 'F', 'F', 'F', 'F', 'F', 93),
(2494, 'F', 'F', 'F', 'F', 'F', 'F', 'F', 93),
(2495, 'F', 'F', 'F', 'F', 'F', 'F', 'F', 93),
(2496, 'F', 'F', 'F', 'F', 'F', 'F', 'F', 93),
(2497, 'F', 'F', 'F', 'F', 'F', 'F', 'F', 94),
(2498, 'F', 'F', 'F', 'F', 'F', 'F', 'F', 94),
(2499, 'F', 'F', 'F', 'F', 'F', 'F', 'F', 94),
(2500, 'F', 'F', 'F', 'F', 'F', 'F', 'F', 94),
(2501, 'F', 'F', 'F', 'F', 'F', 'F', 'F', 94),
(2502, 'F', 'F', 'F', 'F', 'F', 'F', 'F', 94),
(2503, 'F', 'F', 'F', 'F', 'F', 'F', 'F', 94),
(2504, 'F', 'F', 'F', 'F', 'F', 'F', 'F', 94),
(2505, 'F', 'F', 'F', 'F', 'F', 'F', 'F', 94),
(2506, 'F', 'F', 'F', 'F', 'F', 'F', 'F', 94),
(2507, 'F', 'F', 'F', 'F', 'F', 'F', 'F', 94),
(2508, 'F', 'F', 'F', 'F', 'F', 'F', 'F', 94),
(2509, 'F', 'F', 'F', 'F', 'F', 'F', 'F', 94),
(2510, 'F', 'F', 'F', 'F', 'F', 'F', 'F', 94),
(2511, 'F', 'F', 'F', 'F', 'F', 'F', 'F', 94),
(2512, 'F', 'F', 'F', 'F', 'F', 'F', 'F', 94),
(2513, 'F', 'F', 'F', 'F', 'F', 'F', 'F', 94),
(2514, 'F', 'F', 'F', 'F', 'F', 'F', 'F', 94),
(2515, 'F', 'F', 'F', 'F', 'F', 'F', 'F', 94),
(2516, 'F', 'F', 'F', 'F', 'F', 'F', 'F', 94),
(2517, 'F', 'F', 'F', 'F', 'F', 'F', 'F', 94),
(2518, 'F', 'F', 'F', 'F', 'F', 'F', 'F', 94),
(2519, 'F', 'F', 'F', 'F', 'F', 'F', 'F', 94),
(2520, 'F', 'F', 'F', 'F', 'F', 'F', 'F', 94),
(2521, 'F', 'F', 'F', 'F', 'F', 'F', 'F', 94),
(2522, 'F', 'F', 'F', 'F', 'F', 'F', 'F', 94),
(2523, 'F', 'F', 'F', 'F', 'F', 'F', 'F', 94),
(2524, 'F', 'F', 'F', 'F', 'F', 'F', 'F', 94),
(2525, 'F', 'F', 'F', 'F', 'F', 'F', 'F', 94),
(2526, 'F', 'F', 'F', 'F', 'F', 'F', 'F', 94),
(2527, 'F', 'F', 'F', 'F', 'F', 'F', 'F', 94),
(2528, 'F', 'F', 'F', 'F', 'F', 'F', 'F', 94),
(2529, 'F', 'F', 'F', 'F', 'F', 'F', 'F', 94),
(2530, 'F', 'F', 'F', 'F', 'F', 'F', 'F', 94),
(2531, 'F', 'F', 'F', 'F', 'F', 'F', 'F', 94),
(2532, 'F', 'F', 'F', 'F', 'F', 'F', 'F', 94),
(2533, 'F', 'F', 'F', 'F', 'F', 'F', 'F', 94),
(2534, 'F', 'F', 'F', 'F', 'F', 'F', 'F', 94),
(2535, 'F', 'F', 'F', 'F', 'F', 'F', 'F', 94),
(2536, 'F', 'F', 'F', 'F', 'F', 'F', 'F', 94),
(2537, 'F', 'F', 'F', 'F', 'F', 'F', 'F', 94),
(2538, 'F', 'F', 'F', 'F', 'F', 'F', 'F', 94),
(2539, 'F', 'F', 'F', 'F', 'F', 'F', 'F', 94),
(2540, 'F', 'F', 'F', 'F', 'F', 'F', 'F', 94),
(2541, 'F', 'F', 'F', 'F', 'F', 'F', 'F', 94),
(2542, 'F', 'F', 'F', 'F', 'F', 'F', 'F', 94),
(2543, 'F', 'F', 'F', 'F', 'F', 'F', 'F', 94),
(2544, 'F', 'F', 'F', 'F', 'F', 'F', 'F', 94),
(2545, 'F', 'F', 'F', 'F', 'F', 'F', 'F', 94),
(2546, 'F', 'F', 'F', 'F', 'F', 'F', 'F', 94),
(2547, 'F', 'F', 'F', 'F', 'F', 'F', 'F', 94),
(2548, 'F', 'F', 'F', 'F', 'F', 'F', 'F', 94),
(2549, 'F', 'F', 'F', 'F', 'F', 'F', 'F', 94),
(2550, 'F', 'F', 'F', 'F', 'F', 'F', 'F', 94),
(2551, 'F', 'F', 'F', 'F', 'F', 'F', 'F', 94),
(2552, 'F', 'F', 'F', 'F', 'F', 'F', 'F', 94),
(2553, 'F', 'F', 'F', 'F', 'F', 'F', 'F', 94),
(2554, 'F', 'F', 'F', 'F', 'F', 'F', 'F', 94),
(2555, 'F', 'F', 'F', 'F', 'F', 'F', 'F', 94),
(2556, 'F', 'F', 'F', 'F', 'F', 'F', 'F', 94),
(2557, 'F', 'F', 'F', 'F', 'F', 'F', 'F', 94),
(2558, 'F', 'F', 'F', 'F', 'F', 'F', 'F', 94),
(2559, 'F', 'F', 'F', 'F', 'F', 'F', 'F', 94),
(2560, 'F', 'F', 'F', 'F', 'F', 'F', 'F', 94),
(2561, 'F', 'F', 'F', 'F', 'F', 'F', 'F', 95),
(2562, 'F', 'F', 'F', 'F', 'F', 'F', 'F', 95),
(2563, 'F', 'F', 'F', 'F', 'F', 'F', 'F', 95),
(2564, 'F', 'F', 'F', 'F', 'F', 'F', 'F', 95),
(2565, 'F', 'F', 'F', 'F', 'F', 'F', 'F', 95),
(2566, 'F', 'F', 'F', 'F', 'F', 'F', 'F', 95),
(2567, 'F', 'F', 'F', 'F', 'F', 'F', 'F', 95),
(2568, 'F', 'F', 'F', 'F', 'F', 'F', 'F', 95),
(2569, 'F', 'F', 'F', 'F', 'F', 'F', 'F', 95),
(2570, 'F', 'F', 'F', 'F', 'F', 'F', 'F', 95),
(2571, 'F', 'F', 'F', 'F', 'F', 'F', 'F', 95),
(2572, 'F', 'F', 'F', 'O', 'F', 'F', 'F', 95),
(2573, 'F', 'F', 'F', 'O', 'F', 'F', 'F', 95),
(2574, 'F', 'F', 'F', 'O', 'F', 'F', 'F', 95),
(2575, 'F', 'F', 'F', 'F', 'F', 'F', 'F', 95),
(2576, 'F', 'F', 'F', 'F', 'F', 'F', 'F', 95),
(2577, 'F', 'F', 'F', 'F', 'F', 'F', 'F', 95),
(2578, 'F', 'F', 'F', 'F', 'F', 'F', 'F', 95),
(2579, 'F', 'F', 'F', 'F', 'F', 'F', 'F', 95),
(2580, 'F', 'F', 'F', 'F', 'F', 'F', 'F', 95),
(2581, 'F', 'F', 'F', 'F', 'F', 'F', 'F', 95),
(2582, 'F', 'F', 'F', 'F', 'F', 'F', 'F', 95),
(2583, 'F', 'F', 'F', 'F', 'F', 'F', 'F', 95),
(2584, 'F', 'F', 'F', 'F', 'F', 'F', 'F', 95),
(2585, 'F', 'F', 'F', 'F', 'F', 'F', 'F', 95),
(2586, 'F', 'F', 'F', 'F', 'F', 'F', 'F', 95),
(2587, 'F', 'F', 'F', 'F', 'F', 'F', 'F', 95),
(2588, 'F', 'F', 'F', 'F', 'F', 'F', 'F', 95),
(2589, 'F', 'F', 'F', 'F', 'F', 'F', 'F', 95),
(2590, 'F', 'F', 'F', 'F', 'F', 'F', 'F', 95),
(2591, 'F', 'F', 'F', 'F', 'F', 'F', 'F', 95),
(2592, 'F', 'F', 'F', 'F', 'F', 'F', 'F', 95),
(2593, 'F', 'F', 'F', 'F', 'F', 'F', 'F', 95),
(2594, 'F', 'F', 'F', 'F', 'F', 'F', 'F', 95),
(2595, 'F', 'F', 'F', 'F', 'F', 'F', 'F', 95),
(2596, 'F', 'F', 'F', 'F', 'F', 'F', 'F', 95),
(2597, 'F', 'F', 'F', 'F', 'F', 'F', 'F', 95),
(2598, 'F', 'F', 'F', 'F', 'F', 'F', 'F', 95),
(2599, 'F', 'F', 'F', 'F', 'F', 'F', 'F', 95),
(2600, 'F', 'F', 'F', 'F', 'F', 'F', 'F', 95),
(2601, 'F', 'F', 'F', 'F', 'F', 'F', 'F', 95),
(2602, 'F', 'F', 'F', 'F', 'F', 'F', 'F', 95),
(2603, 'F', 'F', 'F', 'F', 'F', 'F', 'F', 95),
(2604, 'F', 'F', 'F', 'F', 'F', 'F', 'F', 95),
(2605, 'F', 'F', 'F', 'F', 'F', 'F', 'F', 95),
(2606, 'F', 'F', 'F', 'F', 'F', 'F', 'F', 95),
(2607, 'F', 'F', 'F', 'F', 'F', 'F', 'F', 95),
(2608, 'F', 'F', 'F', 'F', 'F', 'F', 'F', 95),
(2609, 'F', 'F', 'F', 'F', 'F', 'F', 'F', 95),
(2610, 'F', 'F', 'F', 'F', 'F', 'F', 'F', 95),
(2611, 'F', 'F', 'F', 'F', 'F', 'F', 'F', 95),
(2612, 'F', 'F', 'F', 'F', 'F', 'F', 'F', 95),
(2613, 'F', 'F', 'F', 'F', 'F', 'F', 'F', 95),
(2614, 'F', 'F', 'F', 'F', 'F', 'F', 'F', 95),
(2615, 'F', 'F', 'F', 'F', 'F', 'F', 'F', 95),
(2616, 'F', 'F', 'F', 'F', 'F', 'F', 'F', 95),
(2617, 'F', 'F', 'F', 'F', 'F', 'F', 'F', 95),
(2618, 'F', 'F', 'F', 'F', 'F', 'F', 'F', 95),
(2619, 'F', 'F', 'F', 'F', 'F', 'F', 'F', 95),
(2620, 'F', 'F', 'F', 'F', 'F', 'F', 'F', 95),
(2621, 'F', 'F', 'F', 'F', 'F', 'F', 'F', 95),
(2622, 'F', 'F', 'F', 'F', 'F', 'F', 'F', 95),
(2623, 'F', 'F', 'F', 'F', 'F', 'F', 'F', 95),
(2624, 'F', 'F', 'F', 'F', 'F', 'F', 'F', 95),
(2625, 'F', 'F', 'F', 'F', 'F', 'F', 'F', 96),
(2626, 'F', 'F', 'F', 'F', 'F', 'F', 'F', 96),
(2627, 'F', 'F', 'F', 'F', 'F', 'F', 'F', 96),
(2628, 'F', 'F', 'F', 'F', 'F', 'F', 'F', 96),
(2629, 'F', 'F', 'F', 'F', 'F', 'F', 'F', 96),
(2630, 'O', 'F', 'F', 'F', 'F', 'F', 'F', 96),
(2631, 'O', 'F', 'F', 'F', 'F', 'F', 'F', 96),
(2632, 'O', 'F', 'F', 'F', 'F', 'F', 'F', 96),
(2633, 'F', 'F', 'F', 'F', 'F', 'F', 'F', 96),
(2634, 'F', 'F', 'F', 'F', 'F', 'F', 'F', 96),
(2635, 'F', 'F', 'F', 'F', 'F', 'F', 'F', 96),
(2636, 'F', 'F', 'F', 'F', 'F', 'F', 'F', 96),
(2637, 'O', 'F', 'F', 'F', 'F', 'F', 'F', 96),
(2638, 'O', 'F', 'F', 'F', 'F', 'F', 'F', 96),
(2639, 'O', 'F', 'F', 'F', 'F', 'F', 'F', 96),
(2640, 'F', 'F', 'F', 'F', 'F', 'F', 'F', 96),
(2641, 'F', 'F', 'F', 'F', 'F', 'F', 'F', 96),
(2642, 'F', 'F', 'F', 'F', 'F', 'F', 'F', 96),
(2643, 'O', 'F', 'F', 'F', 'F', 'F', 'F', 96),
(2644, 'O', 'F', 'F', 'F', 'F', 'F', 'F', 96),
(2645, 'O', 'F', 'F', 'F', 'F', 'F', 'F', 96),
(2646, 'O', 'F', 'F', 'F', 'F', 'F', 'F', 96),
(2647, 'O', 'F', 'F', 'F', 'F', 'F', 'F', 96),
(2648, 'F', 'F', 'F', 'F', 'F', 'F', 'F', 96),
(2649, 'F', 'F', 'F', 'F', 'F', 'F', 'F', 96),
(2650, 'F', 'F', 'F', 'F', 'F', 'F', 'F', 96),
(2651, 'O', 'F', 'F', 'F', 'F', 'F', 'F', 96),
(2652, 'O', 'F', 'F', 'F', 'F', 'F', 'F', 96),
(2653, 'O', 'F', 'F', 'F', 'F', 'F', 'F', 96),
(2654, 'F', 'F', 'F', 'F', 'F', 'F', 'F', 96),
(2655, 'F', 'F', 'F', 'F', 'F', 'F', 'F', 96),
(2656, 'F', 'F', 'F', 'F', 'F', 'F', 'F', 96),
(2657, 'F', 'F', 'F', 'F', 'F', 'F', 'F', 96),
(2658, 'F', 'F', 'F', 'F', 'F', 'F', 'F', 96),
(2659, 'F', 'F', 'F', 'F', 'F', 'F', 'F', 96),
(2660, 'F', 'F', 'F', 'F', 'F', 'F', 'F', 96),
(2661, 'O', 'F', 'F', 'F', 'F', 'F', 'F', 96),
(2662, 'O', 'F', 'F', 'F', 'F', 'F', 'F', 96),
(2663, 'O', 'F', 'F', 'F', 'F', 'F', 'F', 96),
(2664, 'F', 'F', 'F', 'F', 'F', 'F', 'F', 96),
(2665, 'F', 'F', 'F', 'F', 'F', 'F', 'F', 96),
(2666, 'F', 'F', 'F', 'F', 'F', 'F', 'F', 96),
(2667, 'F', 'F', 'F', 'F', 'F', 'F', 'F', 96),
(2668, 'O', 'F', 'F', 'F', 'F', 'F', 'F', 96),
(2669, 'O', 'F', 'F', 'F', 'F', 'F', 'F', 96),
(2670, 'O', 'F', 'F', 'F', 'F', 'F', 'F', 96),
(2671, 'F', 'F', 'F', 'F', 'F', 'F', 'F', 96),
(2672, 'F', 'F', 'F', 'F', 'F', 'F', 'F', 96),
(2673, 'F', 'F', 'F', 'F', 'F', 'F', 'F', 96),
(2674, 'F', 'F', 'F', 'F', 'F', 'F', 'F', 96),
(2675, 'F', 'F', 'F', 'F', 'F', 'F', 'F', 96),
(2676, 'F', 'F', 'F', 'F', 'F', 'F', 'F', 96),
(2677, 'F', 'F', 'F', 'F', 'F', 'F', 'F', 96),
(2678, 'F', 'F', 'F', 'F', 'F', 'F', 'F', 96),
(2679, 'F', 'F', 'F', 'F', 'F', 'F', 'F', 96),
(2680, 'F', 'F', 'F', 'F', 'F', 'F', 'F', 96),
(2681, 'F', 'F', 'F', 'F', 'F', 'F', 'F', 96),
(2682, 'F', 'F', 'F', 'F', 'F', 'F', 'F', 96),
(2683, 'F', 'F', 'F', 'F', 'F', 'F', 'F', 96),
(2684, 'F', 'F', 'F', 'F', 'F', 'F', 'F', 96),
(2685, 'F', 'F', 'F', 'F', 'F', 'F', 'F', 96),
(2686, 'F', 'F', 'F', 'F', 'F', 'F', 'F', 96),
(2687, 'F', 'F', 'F', 'F', 'F', 'F', 'F', 96),
(2688, 'F', 'F', 'F', 'F', 'F', 'F', 'F', 96),
(2689, 'F', 'F', 'F', 'F', 'F', 'F', 'F', 97),
(2690, 'F', 'F', 'F', 'F', 'F', 'F', 'F', 97),
(2691, 'F', 'F', 'F', 'F', 'F', 'F', 'F', 97),
(2692, 'F', 'F', 'F', 'F', 'F', 'F', 'F', 97),
(2693, 'F', 'F', 'F', 'F', 'F', 'F', 'F', 97),
(2694, 'F', 'F', 'F', 'F', 'F', 'F', 'F', 97),
(2695, 'F', 'F', 'F', 'F', 'F', 'F', 'F', 97),
(2696, 'F', 'F', 'F', 'F', 'F', 'F', 'F', 97),
(2697, 'F', 'F', 'F', 'F', 'F', 'F', 'F', 97),
(2698, 'F', 'F', 'F', 'F', 'F', 'F', 'F', 97),
(2699, 'F', 'F', 'F', 'F', 'F', 'F', 'F', 97),
(2700, 'F', 'F', 'F', 'F', 'F', 'F', 'F', 97),
(2701, 'F', 'F', 'F', 'F', 'F', 'F', 'F', 97),
(2702, 'F', 'F', 'F', 'F', 'F', 'F', 'F', 97),
(2703, 'F', 'F', 'F', 'F', 'F', 'F', 'F', 97),
(2704, 'F', 'F', 'F', 'F', 'F', 'F', 'F', 97),
(2705, 'F', 'F', 'F', 'F', 'F', 'F', 'F', 97),
(2706, 'F', 'F', 'F', 'F', 'F', 'F', 'F', 97),
(2707, 'F', 'F', 'F', 'F', 'F', 'F', 'F', 97),
(2708, 'F', 'F', 'F', 'F', 'F', 'F', 'F', 97),
(2709, 'F', 'F', 'F', 'F', 'F', 'F', 'F', 97),
(2710, 'F', 'F', 'F', 'F', 'F', 'F', 'F', 97),
(2711, 'F', 'F', 'F', 'F', 'F', 'F', 'F', 97),
(2712, 'F', 'F', 'F', 'F', 'F', 'F', 'F', 97),
(2713, 'F', 'F', 'F', 'F', 'F', 'F', 'F', 97),
(2714, 'F', 'F', 'F', 'F', 'F', 'F', 'F', 97),
(2715, 'F', 'F', 'F', 'F', 'F', 'F', 'F', 97),
(2716, 'F', 'F', 'F', 'F', 'F', 'F', 'F', 97),
(2717, 'F', 'F', 'F', 'F', 'F', 'F', 'F', 97),
(2718, 'F', 'F', 'F', 'F', 'F', 'F', 'F', 97),
(2719, 'F', 'F', 'F', 'F', 'F', 'F', 'F', 97),
(2720, 'F', 'F', 'F', 'F', 'F', 'F', 'F', 97),
(2721, 'F', 'F', 'F', 'F', 'F', 'F', 'F', 97),
(2722, 'F', 'F', 'F', 'F', 'F', 'F', 'F', 97),
(2723, 'F', 'F', 'F', 'F', 'F', 'F', 'F', 97),
(2724, 'F', 'F', 'F', 'F', 'F', 'F', 'F', 97),
(2725, 'F', 'F', 'F', 'F', 'F', 'F', 'F', 97),
(2726, 'F', 'F', 'F', 'F', 'F', 'F', 'F', 97),
(2727, 'F', 'F', 'F', 'F', 'F', 'F', 'F', 97),
(2728, 'F', 'F', 'F', 'F', 'F', 'F', 'F', 97),
(2729, 'F', 'F', 'F', 'F', 'F', 'F', 'F', 97),
(2730, 'F', 'F', 'F', 'F', 'F', 'F', 'F', 97),
(2731, 'F', 'F', 'F', 'F', 'F', 'F', 'F', 97),
(2732, 'F', 'F', 'F', 'F', 'F', 'F', 'F', 97),
(2733, 'F', 'F', 'F', 'F', 'F', 'F', 'F', 97),
(2734, 'F', 'F', 'F', 'F', 'F', 'F', 'F', 97),
(2735, 'F', 'F', 'F', 'F', 'F', 'F', 'F', 97),
(2736, 'F', 'F', 'F', 'F', 'F', 'F', 'F', 97),
(2737, 'F', 'F', 'F', 'F', 'F', 'F', 'F', 97),
(2738, 'F', 'F', 'F', 'F', 'F', 'F', 'F', 97),
(2739, 'F', 'F', 'F', 'F', 'F', 'F', 'F', 97),
(2740, 'F', 'F', 'F', 'F', 'F', 'F', 'F', 97),
(2741, 'F', 'F', 'F', 'F', 'F', 'F', 'F', 97),
(2742, 'F', 'F', 'F', 'F', 'F', 'F', 'F', 97),
(2743, 'F', 'F', 'F', 'F', 'F', 'F', 'F', 97),
(2744, 'F', 'F', 'F', 'F', 'F', 'F', 'F', 97),
(2745, 'F', 'F', 'F', 'F', 'F', 'F', 'F', 97),
(2746, 'F', 'F', 'F', 'F', 'F', 'F', 'F', 97),
(2747, 'F', 'F', 'F', 'F', 'F', 'F', 'F', 97),
(2748, 'F', 'F', 'F', 'F', 'F', 'F', 'F', 97),
(2749, 'F', 'F', 'F', 'F', 'F', 'F', 'F', 97),
(2750, 'F', 'F', 'F', 'F', 'F', 'F', 'F', 97),
(2751, 'F', 'F', 'F', 'F', 'F', 'F', 'F', 97),
(2752, 'F', 'F', 'F', 'F', 'F', 'F', 'F', 97),
(2753, 'F', 'F', 'F', 'F', 'F', 'F', 'F', 98),
(2754, 'F', 'F', 'F', 'F', 'F', 'F', 'F', 98),
(2755, 'F', 'F', 'F', 'F', 'F', 'F', 'F', 98),
(2756, 'F', 'F', 'F', 'F', 'F', 'F', 'F', 98),
(2757, 'F', 'F', 'F', 'F', 'F', 'F', 'F', 98),
(2758, 'F', 'F', 'F', 'F', 'F', 'F', 'F', 98),
(2759, 'F', 'F', 'F', 'F', 'F', 'F', 'F', 98),
(2760, 'F', 'F', 'F', 'F', 'F', 'F', 'F', 98),
(2761, 'F', 'F', 'F', 'F', 'F', 'F', 'F', 98),
(2762, 'F', 'F', 'F', 'F', 'F', 'F', 'F', 98),
(2763, 'F', 'F', 'F', 'F', 'F', 'F', 'F', 98),
(2764, 'O', 'F', 'F', 'O', 'F', 'F', 'F', 98),
(2765, 'O', 'F', 'F', 'O', 'F', 'F', 'F', 98),
(2766, 'O', 'F', 'F', 'O', 'F', 'F', 'F', 98),
(2767, 'F', 'F', 'F', 'F', 'F', 'F', 'F', 98),
(2768, 'F', 'F', 'F', 'F', 'F', 'F', 'F', 98),
(2769, 'F', 'F', 'F', 'F', 'F', 'F', 'F', 98),
(2770, 'F', 'F', 'F', 'F', 'F', 'F', 'F', 98),
(2771, 'F', 'F', 'F', 'F', 'F', 'F', 'F', 98),
(2772, 'F', 'F', 'F', 'O', 'F', 'F', 'F', 98),
(2773, 'F', 'F', 'F', 'O', 'F', 'F', 'F', 98),
(2774, 'F', 'F', 'F', 'O', 'F', 'F', 'F', 98),
(2775, 'F', 'F', 'F', 'F', 'F', 'F', 'F', 98),
(2776, 'F', 'F', 'F', 'F', 'F', 'F', 'F', 98),
(2777, 'F', 'F', 'F', 'F', 'F', 'F', 'F', 98),
(2778, 'F', 'F', 'F', 'F', 'F', 'F', 'F', 98),
(2779, 'F', 'F', 'F', 'F', 'F', 'F', 'F', 98),
(2780, 'F', 'F', 'F', 'F', 'F', 'F', 'F', 98),
(2781, 'F', 'F', 'F', 'F', 'F', 'F', 'F', 98),
(2782, 'F', 'F', 'F', 'F', 'F', 'F', 'F', 98),
(2783, 'F', 'F', 'F', 'F', 'F', 'F', 'F', 98),
(2784, 'F', 'F', 'F', 'F', 'F', 'F', 'F', 98),
(2785, 'F', 'F', 'F', 'F', 'F', 'F', 'F', 98),
(2786, 'F', 'F', 'F', 'F', 'F', 'F', 'F', 98),
(2787, 'F', 'F', 'F', 'F', 'F', 'F', 'F', 98),
(2788, 'F', 'F', 'F', 'F', 'F', 'F', 'F', 98),
(2789, 'F', 'F', 'F', 'F', 'F', 'F', 'F', 98),
(2790, 'F', 'F', 'F', 'F', 'F', 'F', 'F', 98),
(2791, 'F', 'F', 'F', 'F', 'F', 'F', 'F', 98),
(2792, 'F', 'F', 'F', 'F', 'F', 'F', 'F', 98),
(2793, 'F', 'F', 'F', 'F', 'F', 'F', 'F', 98),
(2794, 'F', 'F', 'F', 'F', 'F', 'F', 'F', 98),
(2795, 'F', 'F', 'F', 'F', 'F', 'F', 'F', 98),
(2796, 'F', 'F', 'F', 'F', 'F', 'F', 'F', 98),
(2797, 'F', 'F', 'F', 'F', 'F', 'F', 'F', 98),
(2798, 'F', 'F', 'F', 'F', 'F', 'F', 'F', 98),
(2799, 'F', 'F', 'F', 'F', 'F', 'F', 'F', 98),
(2800, 'F', 'F', 'F', 'F', 'F', 'F', 'F', 98),
(2801, 'F', 'F', 'F', 'F', 'F', 'F', 'F', 98),
(2802, 'F', 'F', 'F', 'F', 'F', 'F', 'F', 98),
(2803, 'F', 'F', 'F', 'F', 'F', 'F', 'F', 98),
(2804, 'F', 'F', 'F', 'F', 'F', 'F', 'F', 98),
(2805, 'F', 'F', 'F', 'F', 'F', 'F', 'F', 98),
(2806, 'F', 'F', 'F', 'F', 'F', 'F', 'F', 98),
(2807, 'F', 'F', 'F', 'F', 'F', 'F', 'F', 98),
(2808, 'F', 'F', 'F', 'F', 'F', 'F', 'F', 98),
(2809, 'F', 'F', 'F', 'F', 'F', 'F', 'F', 98),
(2810, 'F', 'F', 'F', 'F', 'F', 'F', 'F', 98),
(2811, 'F', 'F', 'F', 'F', 'F', 'F', 'F', 98),
(2812, 'F', 'F', 'F', 'F', 'F', 'F', 'F', 98),
(2813, 'F', 'F', 'F', 'F', 'F', 'F', 'F', 98),
(2814, 'F', 'F', 'F', 'F', 'F', 'F', 'F', 98),
(2815, 'F', 'F', 'F', 'F', 'F', 'F', 'F', 98),
(2816, 'F', 'F', 'F', 'F', 'F', 'F', 'F', 98),
(2817, 'F', 'F', 'F', 'F', 'F', 'F', 'F', 99),
(2818, 'F', 'F', 'F', 'F', 'F', 'F', 'F', 99),
(2819, 'F', 'F', 'F', 'F', 'F', 'F', 'F', 99),
(2820, 'O', 'F', 'F', 'F', 'F', 'F', 'F', 99),
(2821, 'O', 'F', 'F', 'F', 'F', 'F', 'F', 99),
(2822, 'O', 'F', 'F', 'F', 'F', 'F', 'F', 99),
(2823, 'F', 'F', 'F', 'F', 'F', 'F', 'F', 99),
(2824, 'F', 'F', 'F', 'F', 'F', 'F', 'F', 99),
(2825, 'F', 'F', 'F', 'F', 'F', 'F', 'F', 99),
(2826, 'F', 'F', 'F', 'F', 'F', 'F', 'F', 99),
(2827, 'F', 'F', 'F', 'F', 'F', 'F', 'F', 99),
(2828, 'F', 'F', 'F', 'F', 'F', 'F', 'F', 99),
(2829, 'F', 'F', 'F', 'F', 'F', 'F', 'F', 99),
(2830, 'F', 'F', 'F', 'F', 'F', 'F', 'F', 99),
(2831, 'F', 'F', 'F', 'F', 'F', 'F', 'F', 99),
(2832, 'F', 'F', 'F', 'F', 'F', 'F', 'F', 99),
(2833, 'F', 'F', 'F', 'F', 'F', 'F', 'F', 99),
(2834, 'F', 'F', 'F', 'F', 'F', 'F', 'F', 99),
(2835, 'F', 'F', 'F', 'F', 'F', 'F', 'F', 99),
(2836, 'F', 'F', 'F', 'F', 'F', 'F', 'F', 99),
(2837, 'O', 'F', 'F', 'F', 'F', 'F', 'F', 99),
(2838, 'O', 'F', 'F', 'F', 'F', 'F', 'F', 99),
(2839, 'O', 'F', 'F', 'F', 'F', 'F', 'F', 99),
(2840, 'F', 'F', 'F', 'F', 'F', 'F', 'F', 99),
(2841, 'F', 'F', 'F', 'F', 'F', 'F', 'F', 99),
(2842, 'F', 'F', 'F', 'F', 'F', 'F', 'F', 99),
(2843, 'F', 'F', 'F', 'F', 'F', 'F', 'F', 99),
(2844, 'F', 'F', 'F', 'F', 'F', 'F', 'F', 99),
(2845, 'O', 'F', 'F', 'F', 'F', 'F', 'F', 99),
(2846, 'O', 'F', 'F', 'F', 'F', 'F', 'F', 99),
(2847, 'O', 'F', 'F', 'F', 'F', 'F', 'F', 99),
(2848, 'F', 'F', 'F', 'F', 'F', 'F', 'F', 99),
(2849, 'F', 'F', 'F', 'F', 'F', 'F', 'F', 99),
(2850, 'F', 'F', 'F', 'F', 'F', 'F', 'F', 99),
(2851, 'F', 'F', 'F', 'F', 'F', 'F', 'F', 99),
(2852, 'F', 'F', 'F', 'F', 'F', 'F', 'F', 99),
(2853, 'O', 'F', 'F', 'F', 'F', 'F', 'F', 99),
(2854, 'O', 'F', 'F', 'F', 'F', 'F', 'F', 99),
(2855, 'O', 'F', 'F', 'F', 'F', 'F', 'F', 99),
(2856, 'F', 'F', 'F', 'F', 'F', 'F', 'F', 99),
(2857, 'F', 'F', 'F', 'F', 'F', 'F', 'F', 99),
(2858, 'F', 'F', 'F', 'F', 'F', 'F', 'F', 99),
(2859, 'F', 'F', 'F', 'F', 'F', 'F', 'F', 99),
(2860, 'F', 'F', 'F', 'F', 'F', 'F', 'F', 99),
(2861, 'F', 'F', 'F', 'F', 'F', 'F', 'F', 99),
(2862, 'F', 'F', 'F', 'F', 'F', 'F', 'F', 99),
(2863, 'F', 'F', 'F', 'F', 'F', 'F', 'F', 99),
(2864, 'F', 'F', 'F', 'F', 'F', 'F', 'F', 99),
(2865, 'F', 'F', 'F', 'F', 'F', 'F', 'F', 99),
(2866, 'F', 'F', 'F', 'F', 'F', 'F', 'F', 99),
(2867, 'F', 'F', 'F', 'F', 'F', 'F', 'F', 99),
(2868, 'F', 'F', 'F', 'F', 'F', 'F', 'F', 99),
(2869, 'F', 'F', 'F', 'F', 'F', 'F', 'F', 99),
(2870, 'F', 'F', 'F', 'F', 'F', 'F', 'F', 99),
(2871, 'F', 'F', 'F', 'F', 'F', 'F', 'F', 99),
(2872, 'F', 'F', 'F', 'F', 'F', 'F', 'F', 99),
(2873, 'F', 'F', 'F', 'F', 'F', 'F', 'F', 99),
(2874, 'F', 'F', 'F', 'F', 'F', 'F', 'F', 99),
(2875, 'F', 'F', 'F', 'F', 'F', 'F', 'F', 99),
(2876, 'F', 'F', 'F', 'F', 'F', 'F', 'F', 99),
(2877, 'F', 'F', 'F', 'F', 'F', 'F', 'F', 99),
(2878, 'F', 'F', 'F', 'F', 'F', 'F', 'F', 99),
(2879, 'F', 'F', 'F', 'F', 'F', 'F', 'F', 99),
(2880, 'F', 'F', 'F', 'F', 'F', 'F', 'F', 99),
(2881, 'F', 'F', 'F', 'F', 'F', 'F', 'F', 100),
(2882, 'F', 'F', 'F', 'F', 'F', 'F', 'F', 100),
(2883, 'F', 'F', 'F', 'F', 'F', 'F', 'F', 100),
(2884, 'F', 'F', 'F', 'F', 'F', 'F', 'F', 100),
(2885, 'F', 'F', 'F', 'F', 'F', 'F', 'F', 100),
(2886, 'F', 'F', 'F', 'F', 'F', 'F', 'F', 100),
(2887, 'F', 'F', 'F', 'F', 'F', 'F', 'F', 100),
(2888, 'F', 'F', 'F', 'F', 'F', 'F', 'F', 100),
(2889, 'F', 'F', 'F', 'F', 'F', 'F', 'F', 100),
(2890, 'F', 'F', 'F', 'F', 'F', 'F', 'F', 100),
(2891, 'F', 'F', 'F', 'F', 'F', 'F', 'F', 100),
(2892, 'F', 'F', 'F', 'F', 'F', 'F', 'F', 100),
(2893, 'F', 'F', 'F', 'F', 'F', 'F', 'F', 100),
(2894, 'F', 'F', 'F', 'F', 'F', 'F', 'F', 100),
(2895, 'F', 'F', 'F', 'F', 'F', 'F', 'F', 100),
(2896, 'F', 'F', 'F', 'F', 'F', 'F', 'F', 100),
(2897, 'F', 'F', 'F', 'F', 'F', 'F', 'F', 100),
(2898, 'F', 'F', 'F', 'F', 'F', 'F', 'F', 100),
(2899, 'F', 'F', 'F', 'F', 'F', 'F', 'F', 100),
(2900, 'F', 'F', 'F', 'F', 'F', 'F', 'F', 100),
(2901, 'F', 'F', 'F', 'F', 'F', 'F', 'F', 100),
(2902, 'F', 'F', 'F', 'F', 'F', 'F', 'F', 100),
(2903, 'F', 'F', 'F', 'F', 'F', 'F', 'F', 100),
(2904, 'F', 'F', 'F', 'F', 'F', 'F', 'F', 100),
(2905, 'F', 'F', 'F', 'F', 'F', 'F', 'F', 100),
(2906, 'F', 'F', 'F', 'F', 'F', 'F', 'F', 100),
(2907, 'F', 'F', 'F', 'F', 'F', 'F', 'F', 100),
(2908, 'F', 'F', 'F', 'F', 'F', 'F', 'F', 100),
(2909, 'F', 'F', 'F', 'F', 'F', 'F', 'F', 100),
(2910, 'F', 'F', 'F', 'F', 'F', 'F', 'F', 100),
(2911, 'F', 'F', 'F', 'F', 'F', 'F', 'F', 100),
(2912, 'F', 'F', 'F', 'F', 'F', 'F', 'F', 100),
(2913, 'F', 'F', 'F', 'F', 'F', 'F', 'F', 100),
(2914, 'F', 'F', 'F', 'F', 'F', 'F', 'F', 100),
(2915, 'F', 'F', 'F', 'F', 'F', 'F', 'F', 100),
(2916, 'F', 'F', 'F', 'F', 'F', 'F', 'F', 100),
(2917, 'F', 'F', 'F', 'F', 'F', 'F', 'F', 100),
(2918, 'F', 'F', 'F', 'F', 'F', 'F', 'F', 100),
(2919, 'F', 'F', 'F', 'F', 'F', 'F', 'F', 100),
(2920, 'F', 'F', 'F', 'F', 'F', 'F', 'F', 100),
(2921, 'F', 'F', 'F', 'F', 'F', 'F', 'F', 100),
(2922, 'F', 'F', 'F', 'F', 'F', 'F', 'F', 100),
(2923, 'F', 'F', 'F', 'F', 'F', 'F', 'F', 100),
(2924, 'F', 'F', 'F', 'F', 'F', 'F', 'F', 100),
(2925, 'F', 'F', 'F', 'F', 'F', 'F', 'F', 100),
(2926, 'F', 'F', 'F', 'F', 'F', 'F', 'F', 100),
(2927, 'F', 'F', 'F', 'F', 'F', 'F', 'F', 100),
(2928, 'F', 'F', 'F', 'F', 'F', 'F', 'F', 100),
(2929, 'F', 'F', 'F', 'F', 'F', 'F', 'F', 100),
(2930, 'F', 'F', 'F', 'F', 'F', 'F', 'F', 100),
(2931, 'F', 'F', 'F', 'F', 'F', 'F', 'F', 100),
(2932, 'F', 'F', 'F', 'F', 'F', 'F', 'F', 100),
(2933, 'F', 'F', 'F', 'F', 'F', 'F', 'F', 100),
(2934, 'F', 'F', 'F', 'F', 'F', 'F', 'F', 100),
(2935, 'F', 'F', 'F', 'F', 'F', 'F', 'F', 100),
(2936, 'F', 'F', 'F', 'F', 'F', 'F', 'F', 100),
(2937, 'F', 'F', 'F', 'F', 'F', 'F', 'F', 100),
(2938, 'F', 'F', 'F', 'F', 'F', 'F', 'F', 100),
(2939, 'F', 'F', 'F', 'F', 'F', 'F', 'F', 100),
(2940, 'F', 'F', 'F', 'F', 'F', 'F', 'F', 100),
(2941, 'F', 'F', 'F', 'F', 'F', 'F', 'F', 100),
(2942, 'F', 'F', 'F', 'F', 'F', 'F', 'F', 100),
(2943, 'F', 'F', 'F', 'F', 'F', 'F', 'F', 100),
(2944, 'F', 'F', 'F', 'F', 'F', 'F', 'F', 100),
(2945, 'F', 'F', 'F', 'F', 'F', 'F', 'F', 101),
(2946, 'F', 'F', 'F', 'F', 'F', 'F', 'F', 101),
(2947, 'F', 'F', 'F', 'F', 'F', 'F', 'F', 101),
(2948, 'F', 'F', 'F', 'F', 'F', 'F', 'F', 101),
(2949, 'F', 'F', 'F', 'F', 'F', 'F', 'F', 101),
(2950, 'F', 'F', 'F', 'F', 'F', 'F', 'F', 101),
(2951, 'F', 'F', 'F', 'F', 'F', 'F', 'F', 101),
(2952, 'F', 'F', 'F', 'F', 'F', 'F', 'F', 101),
(2953, 'F', 'F', 'F', 'F', 'F', 'F', 'F', 101),
(2954, 'F', 'F', 'F', 'F', 'F', 'F', 'F', 101),
(2955, 'F', 'F', 'F', 'F', 'F', 'F', 'F', 101),
(2956, 'F', 'F', 'F', 'F', 'F', 'F', 'F', 101),
(2957, 'F', 'F', 'F', 'F', 'F', 'F', 'F', 101),
(2958, 'F', 'F', 'F', 'F', 'F', 'F', 'F', 101),
(2959, 'F', 'F', 'F', 'F', 'F', 'F', 'F', 101),
(2960, 'F', 'F', 'F', 'F', 'F', 'F', 'F', 101),
(2961, 'F', 'F', 'F', 'F', 'F', 'F', 'F', 101),
(2962, 'F', 'F', 'F', 'F', 'F', 'F', 'F', 101),
(2963, 'F', 'F', 'F', 'F', 'F', 'F', 'F', 101),
(2964, 'F', 'F', 'F', 'F', 'F', 'F', 'F', 101),
(2965, 'F', 'F', 'F', 'F', 'F', 'F', 'F', 101),
(2966, 'F', 'F', 'F', 'F', 'F', 'F', 'F', 101),
(2967, 'F', 'F', 'F', 'F', 'F', 'F', 'F', 101),
(2968, 'F', 'F', 'F', 'F', 'F', 'F', 'F', 101),
(2969, 'F', 'F', 'F', 'F', 'F', 'F', 'F', 101),
(2970, 'F', 'F', 'F', 'F', 'F', 'F', 'F', 101),
(2971, 'F', 'F', 'F', 'F', 'F', 'F', 'F', 101),
(2972, 'F', 'F', 'F', 'F', 'F', 'F', 'F', 101),
(2973, 'F', 'F', 'F', 'F', 'F', 'F', 'F', 101),
(2974, 'F', 'F', 'F', 'F', 'F', 'F', 'F', 101),
(2975, 'F', 'F', 'F', 'F', 'F', 'F', 'F', 101),
(2976, 'F', 'F', 'F', 'F', 'F', 'F', 'F', 101),
(2977, 'F', 'F', 'F', 'F', 'F', 'F', 'F', 101),
(2978, 'F', 'F', 'F', 'F', 'F', 'F', 'F', 101),
(2979, 'F', 'F', 'F', 'F', 'F', 'F', 'F', 101),
(2980, 'F', 'F', 'F', 'F', 'F', 'F', 'F', 101),
(2981, 'F', 'F', 'F', 'F', 'F', 'F', 'F', 101),
(2982, 'F', 'F', 'F', 'F', 'F', 'F', 'F', 101),
(2983, 'F', 'F', 'F', 'F', 'F', 'F', 'F', 101),
(2984, 'F', 'F', 'F', 'F', 'F', 'F', 'F', 101),
(2985, 'F', 'F', 'F', 'F', 'F', 'F', 'F', 101),
(2986, 'F', 'F', 'F', 'F', 'F', 'F', 'F', 101),
(2987, 'F', 'F', 'F', 'F', 'F', 'F', 'F', 101),
(2988, 'F', 'F', 'F', 'F', 'F', 'F', 'F', 101),
(2989, 'F', 'F', 'F', 'F', 'F', 'F', 'F', 101),
(2990, 'F', 'F', 'F', 'F', 'F', 'F', 'F', 101),
(2991, 'F', 'F', 'F', 'F', 'F', 'F', 'F', 101),
(2992, 'F', 'F', 'F', 'F', 'F', 'F', 'F', 101),
(2993, 'F', 'F', 'F', 'F', 'F', 'F', 'F', 101),
(2994, 'F', 'F', 'F', 'F', 'F', 'F', 'F', 101),
(2995, 'F', 'F', 'F', 'F', 'F', 'F', 'F', 101),
(2996, 'F', 'F', 'F', 'F', 'F', 'F', 'F', 101),
(2997, 'F', 'F', 'F', 'F', 'F', 'F', 'F', 101),
(2998, 'F', 'F', 'F', 'F', 'F', 'F', 'F', 101),
(2999, 'F', 'F', 'F', 'F', 'F', 'F', 'F', 101),
(3000, 'F', 'F', 'F', 'F', 'F', 'F', 'F', 101),
(3001, 'F', 'F', 'F', 'F', 'F', 'F', 'F', 101),
(3002, 'F', 'F', 'F', 'F', 'F', 'F', 'F', 101),
(3003, 'F', 'F', 'F', 'F', 'F', 'F', 'F', 101),
(3004, 'F', 'F', 'F', 'F', 'F', 'F', 'F', 101),
(3005, 'F', 'F', 'F', 'F', 'F', 'F', 'F', 101),
(3006, 'F', 'F', 'F', 'F', 'F', 'F', 'F', 101),
(3007, 'F', 'F', 'F', 'F', 'F', 'F', 'F', 101),
(3008, 'F', 'F', 'F', 'F', 'F', 'F', 'F', 101),
(3009, 'F', 'F', 'F', 'F', 'F', 'F', 'F', 102),
(3010, 'F', 'F', 'F', 'F', 'F', 'F', 'F', 102),
(3011, 'F', 'F', 'F', 'F', 'F', 'F', 'F', 102),
(3012, 'F', 'F', 'F', 'F', 'F', 'F', 'F', 102),
(3013, 'F', 'F', 'F', 'F', 'F', 'F', 'F', 102),
(3014, 'F', 'F', 'F', 'F', 'F', 'F', 'F', 102),
(3015, 'F', 'F', 'F', 'F', 'F', 'F', 'F', 102),
(3016, 'F', 'F', 'F', 'F', 'F', 'F', 'F', 102),
(3017, 'F', 'F', 'F', 'F', 'F', 'F', 'F', 102),
(3018, 'F', 'F', 'F', 'F', 'F', 'F', 'F', 102),
(3019, 'F', 'F', 'F', 'F', 'F', 'F', 'F', 102),
(3020, 'F', 'F', 'F', 'F', 'F', 'F', 'F', 102),
(3021, 'F', 'F', 'F', 'F', 'F', 'F', 'F', 102),
(3022, 'F', 'F', 'F', 'F', 'F', 'F', 'F', 102),
(3023, 'F', 'F', 'F', 'F', 'F', 'F', 'F', 102),
(3024, 'F', 'F', 'F', 'F', 'F', 'F', 'F', 102),
(3025, 'F', 'F', 'F', 'F', 'F', 'F', 'F', 102),
(3026, 'F', 'F', 'F', 'F', 'F', 'F', 'F', 102),
(3027, 'F', 'F', 'F', 'F', 'F', 'F', 'F', 102),
(3028, 'F', 'F', 'F', 'F', 'F', 'F', 'F', 102),
(3029, 'F', 'F', 'F', 'F', 'F', 'F', 'F', 102),
(3030, 'F', 'F', 'F', 'F', 'F', 'F', 'F', 102),
(3031, 'F', 'F', 'F', 'F', 'F', 'F', 'F', 102),
(3032, 'F', 'F', 'F', 'F', 'F', 'F', 'F', 102),
(3033, 'F', 'F', 'F', 'F', 'F', 'F', 'F', 102),
(3034, 'F', 'F', 'F', 'F', 'F', 'F', 'F', 102),
(3035, 'F', 'F', 'F', 'F', 'F', 'F', 'F', 102),
(3036, 'F', 'F', 'F', 'F', 'F', 'F', 'F', 102),
(3037, 'F', 'F', 'F', 'F', 'F', 'F', 'F', 102),
(3038, 'F', 'F', 'F', 'F', 'F', 'F', 'F', 102),
(3039, 'F', 'F', 'F', 'F', 'F', 'F', 'F', 102),
(3040, 'F', 'F', 'F', 'F', 'F', 'F', 'F', 102),
(3041, 'F', 'F', 'F', 'F', 'F', 'F', 'F', 102),
(3042, 'F', 'F', 'F', 'F', 'F', 'F', 'F', 102),
(3043, 'F', 'F', 'F', 'F', 'F', 'F', 'F', 102),
(3044, 'F', 'F', 'F', 'F', 'F', 'F', 'F', 102),
(3045, 'F', 'F', 'F', 'F', 'F', 'F', 'F', 102),
(3046, 'F', 'F', 'F', 'F', 'F', 'F', 'F', 102),
(3047, 'F', 'F', 'F', 'F', 'F', 'F', 'F', 102),
(3048, 'F', 'F', 'F', 'F', 'F', 'F', 'F', 102),
(3049, 'F', 'F', 'F', 'F', 'F', 'F', 'F', 102),
(3050, 'F', 'F', 'F', 'F', 'F', 'F', 'F', 102),
(3051, 'F', 'F', 'F', 'F', 'F', 'F', 'F', 102),
(3052, 'F', 'F', 'F', 'F', 'F', 'F', 'F', 102),
(3053, 'F', 'F', 'F', 'F', 'F', 'F', 'F', 102),
(3054, 'F', 'F', 'F', 'F', 'F', 'F', 'F', 102),
(3055, 'F', 'F', 'F', 'F', 'F', 'F', 'F', 102),
(3056, 'F', 'F', 'F', 'F', 'F', 'F', 'F', 102),
(3057, 'F', 'F', 'F', 'F', 'F', 'F', 'F', 102),
(3058, 'F', 'F', 'F', 'F', 'F', 'F', 'F', 102),
(3059, 'F', 'F', 'F', 'F', 'F', 'F', 'F', 102),
(3060, 'F', 'F', 'F', 'F', 'F', 'F', 'F', 102),
(3061, 'F', 'F', 'F', 'F', 'F', 'F', 'F', 102),
(3062, 'F', 'F', 'F', 'F', 'F', 'F', 'F', 102),
(3063, 'F', 'F', 'F', 'F', 'F', 'F', 'F', 102),
(3064, 'F', 'F', 'F', 'F', 'F', 'F', 'F', 102),
(3065, 'F', 'F', 'F', 'F', 'F', 'F', 'F', 102),
(3066, 'F', 'F', 'F', 'F', 'F', 'F', 'F', 102),
(3067, 'F', 'F', 'F', 'F', 'F', 'F', 'F', 102),
(3068, 'F', 'F', 'F', 'F', 'F', 'F', 'F', 102),
(3069, 'F', 'F', 'F', 'F', 'F', 'F', 'F', 102),
(3070, 'F', 'F', 'F', 'F', 'F', 'F', 'F', 102),
(3071, 'F', 'F', 'F', 'F', 'F', 'F', 'F', 102),
(3072, 'F', 'F', 'F', 'F', 'F', 'F', 'F', 102),
(3073, 'F', 'F', 'F', 'F', 'F', 'F', 'F', 103),
(3074, 'F', 'F', 'F', 'F', 'F', 'F', 'F', 103),
(3075, 'F', 'F', 'F', 'F', 'F', 'F', 'F', 103),
(3076, 'F', 'F', 'F', 'F', 'F', 'F', 'F', 103),
(3077, 'F', 'F', 'F', 'F', 'F', 'F', 'F', 103),
(3078, 'F', 'F', 'F', 'F', 'F', 'F', 'F', 103),
(3079, 'F', 'F', 'F', 'F', 'F', 'F', 'F', 103),
(3080, 'F', 'F', 'F', 'F', 'F', 'F', 'F', 103),
(3081, 'F', 'F', 'F', 'F', 'F', 'F', 'F', 103),
(3082, 'F', 'F', 'F', 'F', 'F', 'F', 'F', 103),
(3083, 'F', 'F', 'F', 'F', 'F', 'F', 'F', 103),
(3084, 'F', 'F', 'F', 'F', 'F', 'F', 'F', 103),
(3085, 'F', 'F', 'F', 'F', 'F', 'F', 'F', 103),
(3086, 'F', 'F', 'F', 'F', 'F', 'F', 'F', 103),
(3087, 'F', 'F', 'F', 'F', 'F', 'F', 'F', 103),
(3088, 'F', 'F', 'F', 'F', 'F', 'F', 'F', 103),
(3089, 'F', 'F', 'F', 'F', 'F', 'F', 'F', 103),
(3090, 'F', 'F', 'F', 'F', 'F', 'F', 'F', 103),
(3091, 'F', 'F', 'F', 'F', 'F', 'F', 'F', 103),
(3092, 'F', 'F', 'F', 'F', 'F', 'F', 'F', 103),
(3093, 'F', 'F', 'F', 'F', 'F', 'F', 'F', 103),
(3094, 'F', 'F', 'F', 'F', 'F', 'F', 'F', 103),
(3095, 'F', 'F', 'F', 'F', 'F', 'F', 'F', 103),
(3096, 'F', 'F', 'F', 'F', 'F', 'F', 'F', 103),
(3097, 'F', 'F', 'F', 'F', 'F', 'F', 'F', 103),
(3098, 'F', 'F', 'F', 'F', 'F', 'F', 'F', 103),
(3099, 'F', 'F', 'F', 'F', 'F', 'F', 'F', 103),
(3100, 'F', 'F', 'F', 'F', 'F', 'F', 'F', 103),
(3101, 'F', 'F', 'F', 'F', 'F', 'F', 'F', 103),
(3102, 'F', 'F', 'F', 'F', 'F', 'F', 'F', 103),
(3103, 'F', 'F', 'F', 'F', 'F', 'F', 'F', 103),
(3104, 'F', 'F', 'F', 'F', 'F', 'F', 'F', 103),
(3105, 'O', 'F', 'F', 'F', 'F', 'F', 'F', 103),
(3106, 'O', 'F', 'F', 'F', 'F', 'F', 'F', 103),
(3107, 'O', 'F', 'F', 'F', 'F', 'F', 'F', 103),
(3108, 'O', 'F', 'F', 'F', 'F', 'F', 'F', 103),
(3109, 'O', 'F', 'F', 'F', 'F', 'F', 'F', 103),
(3110, 'O', 'F', 'F', 'F', 'F', 'F', 'F', 103),
(3111, 'O', 'F', 'F', 'F', 'F', 'F', 'F', 103),
(3112, 'O', 'F', 'F', 'F', 'F', 'F', 'F', 103),
(3113, 'F', 'F', 'F', 'F', 'F', 'F', 'F', 103),
(3114, 'F', 'F', 'F', 'F', 'F', 'F', 'F', 103),
(3115, 'F', 'F', 'F', 'F', 'F', 'F', 'F', 103),
(3116, 'F', 'F', 'F', 'F', 'F', 'F', 'F', 103),
(3117, 'F', 'F', 'F', 'F', 'F', 'F', 'F', 103),
(3118, 'F', 'F', 'F', 'F', 'F', 'F', 'F', 103),
(3119, 'F', 'F', 'F', 'F', 'F', 'F', 'F', 103),
(3120, 'F', 'F', 'F', 'F', 'F', 'F', 'F', 103),
(3121, 'F', 'F', 'F', 'F', 'F', 'F', 'F', 103),
(3122, 'F', 'F', 'F', 'F', 'F', 'F', 'F', 103),
(3123, 'F', 'F', 'F', 'F', 'F', 'F', 'F', 103),
(3124, 'F', 'F', 'F', 'F', 'F', 'F', 'F', 103),
(3125, 'F', 'F', 'F', 'F', 'F', 'F', 'F', 103),
(3126, 'F', 'F', 'F', 'F', 'F', 'F', 'F', 103),
(3127, 'F', 'F', 'F', 'F', 'F', 'F', 'F', 103),
(3128, 'F', 'F', 'F', 'F', 'F', 'F', 'F', 103),
(3129, 'F', 'F', 'F', 'F', 'F', 'F', 'F', 103),
(3130, 'F', 'F', 'F', 'F', 'F', 'F', 'F', 103),
(3131, 'F', 'F', 'F', 'F', 'F', 'F', 'F', 103),
(3132, 'F', 'F', 'F', 'F', 'F', 'F', 'F', 103),
(3133, 'F', 'F', 'F', 'F', 'F', 'F', 'F', 103),
(3134, 'F', 'F', 'F', 'F', 'F', 'F', 'F', 103),
(3135, 'F', 'F', 'F', 'F', 'F', 'F', 'F', 103),
(3136, 'F', 'F', 'F', 'F', 'F', 'F', 'F', 103),
(3137, 'F', 'F', 'F', 'F', 'F', 'F', 'F', 104),
(3138, 'F', 'F', 'F', 'F', 'F', 'F', 'F', 104),
(3139, 'F', 'F', 'F', 'F', 'F', 'F', 'F', 104),
(3140, 'F', 'F', 'F', 'F', 'F', 'F', 'F', 104),
(3141, 'F', 'F', 'F', 'F', 'F', 'F', 'F', 104),
(3142, 'F', 'F', 'F', 'F', 'F', 'F', 'F', 104),
(3143, 'F', 'F', 'F', 'F', 'F', 'F', 'F', 104),
(3144, 'F', 'F', 'F', 'F', 'F', 'F', 'F', 104),
(3145, 'F', 'F', 'F', 'F', 'F', 'F', 'F', 104),
(3146, 'F', 'F', 'F', 'F', 'F', 'F', 'F', 104),
(3147, 'F', 'F', 'F', 'F', 'F', 'F', 'F', 104),
(3148, 'F', 'F', 'F', 'F', 'F', 'F', 'F', 104),
(3149, 'F', 'F', 'F', 'F', 'F', 'F', 'F', 104),
(3150, 'F', 'F', 'F', 'F', 'F', 'F', 'F', 104),
(3151, 'F', 'F', 'F', 'F', 'F', 'F', 'F', 104),
(3152, 'F', 'F', 'F', 'F', 'F', 'F', 'F', 104),
(3153, 'F', 'F', 'F', 'F', 'F', 'F', 'F', 104),
(3154, 'F', 'F', 'F', 'F', 'F', 'F', 'F', 104),
(3155, 'F', 'F', 'F', 'F', 'F', 'F', 'F', 104),
(3156, 'F', 'F', 'F', 'F', 'F', 'F', 'F', 104),
(3157, 'F', 'F', 'F', 'F', 'F', 'F', 'F', 104),
(3158, 'F', 'F', 'F', 'F', 'F', 'F', 'F', 104),
(3159, 'F', 'F', 'F', 'F', 'F', 'F', 'F', 104),
(3160, 'F', 'F', 'F', 'F', 'F', 'F', 'F', 104),
(3161, 'F', 'F', 'F', 'F', 'F', 'F', 'F', 104),
(3162, 'F', 'F', 'F', 'F', 'F', 'F', 'F', 104),
(3163, 'F', 'F', 'F', 'F', 'F', 'F', 'F', 104),
(3164, 'F', 'F', 'F', 'F', 'F', 'F', 'F', 104),
(3165, 'F', 'F', 'F', 'F', 'F', 'F', 'F', 104),
(3166, 'F', 'F', 'F', 'F', 'F', 'F', 'F', 104),
(3167, 'F', 'F', 'F', 'F', 'F', 'F', 'F', 104),
(3168, 'F', 'F', 'F', 'F', 'F', 'F', 'F', 104),
(3169, 'F', 'F', 'F', 'F', 'F', 'F', 'F', 104),
(3170, 'F', 'F', 'F', 'F', 'F', 'F', 'F', 104),
(3171, 'F', 'F', 'F', 'F', 'F', 'F', 'F', 104),
(3172, 'F', 'F', 'F', 'F', 'F', 'F', 'F', 104),
(3173, 'F', 'F', 'F', 'F', 'F', 'F', 'F', 104),
(3174, 'F', 'F', 'F', 'F', 'F', 'F', 'F', 104),
(3175, 'F', 'F', 'F', 'F', 'F', 'F', 'F', 104),
(3176, 'F', 'F', 'F', 'F', 'F', 'F', 'F', 104),
(3177, 'F', 'F', 'F', 'F', 'F', 'F', 'F', 104),
(3178, 'F', 'F', 'F', 'F', 'F', 'F', 'F', 104),
(3179, 'F', 'F', 'F', 'F', 'F', 'F', 'F', 104),
(3180, 'O', 'F', 'F', 'F', 'F', 'F', 'F', 104),
(3181, 'O', 'F', 'F', 'F', 'F', 'F', 'F', 104),
(3182, 'O', 'F', 'F', 'F', 'F', 'F', 'F', 104),
(3183, 'F', 'F', 'F', 'F', 'F', 'F', 'F', 104),
(3184, 'F', 'F', 'F', 'F', 'F', 'F', 'F', 104),
(3185, 'F', 'F', 'F', 'F', 'F', 'F', 'F', 104),
(3186, 'F', 'F', 'F', 'F', 'F', 'F', 'F', 104),
(3187, 'F', 'F', 'F', 'F', 'F', 'F', 'F', 104),
(3188, 'F', 'F', 'F', 'F', 'F', 'F', 'F', 104),
(3189, 'F', 'F', 'F', 'F', 'F', 'F', 'F', 104),
(3190, 'F', 'F', 'F', 'F', 'F', 'F', 'F', 104),
(3191, 'F', 'F', 'F', 'F', 'F', 'F', 'F', 104),
(3192, 'F', 'F', 'F', 'F', 'F', 'F', 'F', 104),
(3193, 'F', 'F', 'F', 'F', 'F', 'F', 'F', 104),
(3194, 'F', 'F', 'F', 'F', 'F', 'F', 'F', 104),
(3195, 'F', 'F', 'F', 'F', 'F', 'F', 'F', 104),
(3196, 'F', 'F', 'F', 'F', 'F', 'F', 'F', 104),
(3197, 'F', 'F', 'F', 'F', 'F', 'F', 'F', 104),
(3198, 'F', 'F', 'F', 'F', 'F', 'F', 'F', 104),
(3199, 'F', 'F', 'F', 'F', 'F', 'F', 'F', 104),
(3200, 'F', 'F', 'F', 'F', 'F', 'F', 'F', 104),
(3201, 'F', 'F', 'F', 'F', 'F', 'F', 'F', 105),
(3202, 'F', 'F', 'F', 'F', 'F', 'F', 'F', 105),
(3203, 'F', 'F', 'F', 'F', 'F', 'F', 'F', 105),
(3204, 'F', 'F', 'F', 'F', 'F', 'F', 'F', 105),
(3205, 'F', 'F', 'F', 'F', 'F', 'F', 'F', 105),
(3206, 'F', 'F', 'F', 'F', 'F', 'F', 'F', 105),
(3207, 'F', 'F', 'F', 'F', 'F', 'F', 'F', 105),
(3208, 'F', 'F', 'F', 'F', 'F', 'F', 'F', 105),
(3209, 'F', 'F', 'F', 'F', 'F', 'F', 'F', 105),
(3210, 'F', 'F', 'F', 'F', 'F', 'F', 'F', 105),
(3211, 'F', 'F', 'F', 'F', 'F', 'F', 'F', 105),
(3212, 'F', 'F', 'F', 'F', 'F', 'F', 'F', 105),
(3213, 'F', 'F', 'F', 'F', 'F', 'F', 'F', 105),
(3214, 'F', 'F', 'F', 'F', 'F', 'F', 'F', 105),
(3215, 'F', 'F', 'F', 'F', 'F', 'F', 'F', 105),
(3216, 'F', 'F', 'F', 'F', 'F', 'F', 'F', 105),
(3217, 'F', 'F', 'F', 'F', 'F', 'F', 'F', 105),
(3218, 'F', 'F', 'F', 'F', 'F', 'F', 'F', 105),
(3219, 'F', 'F', 'F', 'F', 'F', 'F', 'F', 105),
(3220, 'F', 'F', 'F', 'F', 'F', 'F', 'F', 105),
(3221, 'F', 'F', 'F', 'F', 'F', 'F', 'F', 105),
(3222, 'F', 'F', 'F', 'F', 'F', 'F', 'F', 105),
(3223, 'F', 'F', 'F', 'F', 'F', 'F', 'F', 105),
(3224, 'F', 'F', 'F', 'F', 'F', 'F', 'F', 105),
(3225, 'F', 'F', 'F', 'F', 'F', 'F', 'F', 105),
(3226, 'F', 'F', 'F', 'F', 'F', 'F', 'F', 105),
(3227, 'F', 'F', 'F', 'F', 'F', 'F', 'F', 105),
(3228, 'F', 'F', 'F', 'F', 'F', 'F', 'F', 105),
(3229, 'F', 'F', 'F', 'F', 'F', 'F', 'F', 105),
(3230, 'F', 'F', 'F', 'F', 'F', 'F', 'F', 105),
(3231, 'F', 'F', 'F', 'F', 'F', 'F', 'F', 105),
(3232, 'F', 'F', 'F', 'F', 'F', 'F', 'F', 105),
(3233, 'F', 'F', 'F', 'F', 'F', 'F', 'F', 105),
(3234, 'F', 'F', 'F', 'F', 'F', 'F', 'F', 105),
(3235, 'F', 'F', 'F', 'F', 'F', 'F', 'F', 105),
(3236, 'F', 'F', 'F', 'F', 'F', 'F', 'F', 105),
(3237, 'F', 'F', 'F', 'F', 'F', 'F', 'F', 105),
(3238, 'F', 'F', 'F', 'F', 'F', 'F', 'F', 105),
(3239, 'F', 'F', 'F', 'F', 'F', 'F', 'F', 105),
(3240, 'F', 'F', 'F', 'F', 'F', 'F', 'F', 105),
(3241, 'F', 'F', 'F', 'F', 'F', 'F', 'F', 105),
(3242, 'F', 'F', 'F', 'F', 'F', 'F', 'F', 105),
(3243, 'F', 'F', 'F', 'F', 'F', 'F', 'F', 105),
(3244, 'F', 'F', 'F', 'F', 'F', 'F', 'F', 105),
(3245, 'F', 'F', 'F', 'F', 'F', 'F', 'F', 105),
(3246, 'F', 'F', 'F', 'F', 'F', 'F', 'F', 105),
(3247, 'F', 'F', 'F', 'F', 'F', 'F', 'F', 105),
(3248, 'F', 'F', 'F', 'F', 'F', 'F', 'F', 105),
(3249, 'F', 'F', 'F', 'F', 'F', 'F', 'F', 105),
(3250, 'F', 'F', 'F', 'F', 'F', 'F', 'F', 105),
(3251, 'F', 'F', 'F', 'F', 'F', 'F', 'F', 105),
(3252, 'F', 'F', 'F', 'F', 'F', 'F', 'F', 105),
(3253, 'F', 'F', 'F', 'F', 'F', 'F', 'F', 105),
(3254, 'F', 'F', 'F', 'F', 'F', 'F', 'F', 105),
(3255, 'F', 'F', 'F', 'F', 'F', 'F', 'F', 105),
(3256, 'F', 'F', 'F', 'F', 'F', 'F', 'F', 105),
(3257, 'F', 'F', 'F', 'F', 'F', 'F', 'F', 105),
(3258, 'F', 'F', 'F', 'F', 'F', 'F', 'F', 105),
(3259, 'F', 'F', 'F', 'F', 'F', 'F', 'F', 105),
(3260, 'F', 'F', 'F', 'F', 'F', 'F', 'F', 105),
(3261, 'F', 'F', 'F', 'F', 'F', 'F', 'F', 105),
(3262, 'F', 'F', 'F', 'F', 'F', 'F', 'F', 105),
(3263, 'F', 'F', 'F', 'F', 'F', 'F', 'F', 105),
(3264, 'F', 'F', 'F', 'F', 'F', 'F', 'F', 105),
(3265, 'F', 'F', 'F', 'F', 'F', 'F', 'F', 106),
(3266, 'F', 'F', 'F', 'F', 'F', 'F', 'F', 106),
(3267, 'F', 'F', 'F', 'F', 'F', 'F', 'F', 106),
(3268, 'F', 'F', 'F', 'F', 'F', 'F', 'F', 106),
(3269, 'F', 'F', 'F', 'F', 'F', 'F', 'F', 106),
(3270, 'F', 'F', 'F', 'F', 'F', 'F', 'F', 106),
(3271, 'F', 'F', 'F', 'F', 'F', 'F', 'F', 106),
(3272, 'F', 'F', 'F', 'F', 'F', 'F', 'F', 106),
(3273, 'F', 'F', 'F', 'F', 'F', 'F', 'F', 106),
(3274, 'F', 'F', 'F', 'F', 'F', 'F', 'F', 106),
(3275, 'F', 'F', 'F', 'F', 'F', 'F', 'F', 106),
(3276, 'F', 'F', 'F', 'F', 'F', 'F', 'F', 106),
(3277, 'F', 'F', 'F', 'F', 'F', 'F', 'F', 106),
(3278, 'F', 'F', 'F', 'F', 'F', 'F', 'F', 106),
(3279, 'F', 'F', 'F', 'F', 'F', 'F', 'F', 106),
(3280, 'F', 'F', 'F', 'F', 'F', 'F', 'F', 106),
(3281, 'F', 'F', 'F', 'F', 'F', 'F', 'F', 106),
(3282, 'F', 'F', 'F', 'F', 'F', 'F', 'F', 106),
(3283, 'F', 'F', 'F', 'F', 'F', 'F', 'F', 106),
(3284, 'F', 'F', 'F', 'F', 'F', 'F', 'F', 106),
(3285, 'F', 'F', 'F', 'F', 'F', 'F', 'F', 106),
(3286, 'F', 'F', 'F', 'F', 'F', 'F', 'F', 106),
(3287, 'F', 'F', 'F', 'F', 'F', 'F', 'F', 106),
(3288, 'F', 'F', 'F', 'F', 'F', 'F', 'F', 106),
(3289, 'F', 'F', 'F', 'F', 'F', 'F', 'F', 106),
(3290, 'F', 'F', 'F', 'F', 'F', 'F', 'F', 106),
(3291, 'F', 'F', 'F', 'F', 'F', 'F', 'F', 106),
(3292, 'F', 'F', 'F', 'F', 'F', 'F', 'F', 106),
(3293, 'F', 'F', 'F', 'F', 'F', 'F', 'F', 106),
(3294, 'F', 'F', 'F', 'F', 'F', 'F', 'F', 106),
(3295, 'F', 'F', 'F', 'F', 'F', 'F', 'F', 106),
(3296, 'F', 'F', 'F', 'F', 'F', 'F', 'F', 106),
(3297, 'F', 'F', 'F', 'F', 'F', 'F', 'F', 106),
(3298, 'F', 'F', 'F', 'F', 'F', 'F', 'F', 106),
(3299, 'F', 'F', 'F', 'F', 'F', 'F', 'F', 106),
(3300, 'F', 'F', 'F', 'F', 'F', 'F', 'F', 106),
(3301, 'F', 'F', 'F', 'F', 'F', 'F', 'F', 106),
(3302, 'F', 'F', 'F', 'F', 'F', 'F', 'F', 106),
(3303, 'F', 'F', 'F', 'F', 'F', 'F', 'F', 106),
(3304, 'F', 'F', 'F', 'F', 'F', 'F', 'F', 106),
(3305, 'F', 'F', 'F', 'F', 'F', 'F', 'F', 106),
(3306, 'F', 'F', 'F', 'F', 'F', 'F', 'F', 106),
(3307, 'F', 'F', 'F', 'F', 'F', 'F', 'F', 106),
(3308, 'F', 'F', 'F', 'F', 'F', 'F', 'F', 106),
(3309, 'F', 'F', 'F', 'F', 'F', 'F', 'F', 106),
(3310, 'F', 'F', 'F', 'F', 'F', 'F', 'F', 106),
(3311, 'F', 'F', 'F', 'F', 'F', 'F', 'F', 106),
(3312, 'F', 'F', 'F', 'F', 'F', 'F', 'F', 106),
(3313, 'F', 'F', 'F', 'F', 'F', 'F', 'F', 106),
(3314, 'F', 'F', 'F', 'F', 'F', 'F', 'F', 106),
(3315, 'F', 'F', 'F', 'F', 'F', 'F', 'F', 106),
(3316, 'F', 'F', 'F', 'F', 'F', 'F', 'F', 106),
(3317, 'F', 'F', 'F', 'F', 'F', 'F', 'F', 106),
(3318, 'F', 'F', 'F', 'F', 'F', 'F', 'F', 106),
(3319, 'F', 'F', 'F', 'F', 'F', 'F', 'F', 106),
(3320, 'F', 'F', 'F', 'F', 'F', 'F', 'F', 106),
(3321, 'F', 'F', 'F', 'F', 'F', 'F', 'F', 106),
(3322, 'F', 'F', 'F', 'F', 'F', 'F', 'F', 106),
(3323, 'F', 'F', 'F', 'F', 'F', 'F', 'F', 106),
(3324, 'F', 'F', 'F', 'F', 'F', 'F', 'F', 106),
(3325, 'F', 'F', 'F', 'F', 'F', 'F', 'F', 106),
(3326, 'F', 'F', 'F', 'F', 'F', 'F', 'F', 106),
(3327, 'F', 'F', 'F', 'F', 'F', 'F', 'F', 106),
(3328, 'F', 'F', 'F', 'F', 'F', 'F', 'F', 106);

-- --------------------------------------------------------

--
-- Estructura de tabla para la tabla `combo`
--

CREATE TABLE `combo` (
  `id` int(11) NOT NULL,
  `nombre` varchar(20) NOT NULL,
  `imagen` varchar(50) NOT NULL,
  `descripcion` varchar(100) NOT NULL,
  `precio` double NOT NULL,
  `categoria` varchar(20) NOT NULL
) ENGINE=InnoDB DEFAULT CHARSET=utf8mb4;

--
-- Volcado de datos para la tabla `combo`
--

INSERT INTO `combo` (`id`, `nombre`, `imagen`, `descripcion`, `precio`, `categoria`) VALUES
(1, 'Combo 1', 'snacks.jpg', '1 Palomita Grande + 1 Gaseosa Grande', 15, 'Combos'),
(2, 'Combo 2', 'snacks.jpg', '1 Palomita Grande + 1 Gaseosa Grande + 1 Barra de Chocolate', 19, 'Combos'),
(3, 'Gaseosa Grande', 'snacks.jpg', 'Vase de gaseosa de 300mL', 5, 'Bebidas');

-- --------------------------------------------------------

--
-- Estructura de tabla para la tabla `combo-producto`
--

CREATE TABLE `combo-producto` (
  `id_combo` int(11) NOT NULL,
  `id_producto` int(11) NOT NULL,
  `cantidad` double NOT NULL,
  `tipo` varchar(30) NOT NULL
) ENGINE=InnoDB DEFAULT CHARSET=utf8mb4;

--
-- Volcado de datos para la tabla `combo-producto`
--

INSERT INTO `combo-producto` (`id_combo`, `id_producto`, `cantidad`, `tipo`) VALUES
(1, 1, 0.3, 'Gaseosa'),
(1, 2, 0.3, 'Gaseosa'),
(1, 3, 0.4, 'Palomita'),
(2, 1, 0.3, 'Gaseosa'),
(2, 2, 0.3, 'Gaseosa'),
(2, 3, 0.4, 'Palomita'),
(2, 4, 1, 'Chocolate'),
(2, 5, 1, 'Chocolate'),
(3, 1, 0.3, 'Gaseosa'),
(3, 2, 0.3, 'Gaseosa');

-- --------------------------------------------------------

--
-- Estructura de tabla para la tabla `comprador`
--

CREATE TABLE `comprador` (
  `IDCOMPRADOR` int(11) NOT NULL,
  `CI` varchar(20) NOT NULL,
  `NOMBRE` varchar(100) NOT NULL
) ENGINE=InnoDB DEFAULT CHARSET=utf8mb4;

--
-- Volcado de datos para la tabla `comprador`
--

INSERT INTO `comprador` (`IDCOMPRADOR`, `CI`, `NOMBRE`) VALUES
(98, '13721137', 'Vito Pimentel');

-- --------------------------------------------------------

--
-- Estructura de tabla para la tabla `dia`
--

CREATE TABLE `dia` (
  `IDDIA` int(11) NOT NULL,
  `PRECIO` decimal(11,0) NOT NULL,
  `PRECIO3D` decimal(10,0) NOT NULL
) ENGINE=InnoDB DEFAULT CHARSET=utf8;

--
-- Volcado de datos para la tabla `dia`
--

INSERT INTO `dia` (`IDDIA`, `PRECIO`, `PRECIO3D`) VALUES
(0, '35', '40'),
(1, '30', '35'),
(2, '30', '35'),
(3, '40', '45'),
(4, '30', '35'),
(5, '30', '35'),
(6, '30', '35');

-- --------------------------------------------------------

--
-- Estructura de tabla para la tabla `pelicula`
--

CREATE TABLE `pelicula` (
  `IDPELI` int(11) NOT NULL,
  `NOMBRE` varchar(60) NOT NULL,
  `POSTER` varchar(80) NOT NULL,
  `TIPO` varchar(5) NOT NULL,
  `AUD` varchar(5) NOT NULL
) ;

--
-- Volcado de datos para la tabla `pelicula`
--

INSERT INTO `pelicula` (`IDPELI`, `NOMBRE`, `POSTER`, `TIPO`, `AUD`) VALUES
(39, 'La Ballena', 'The-Whale.jpg', '2D', 'SUB'),
(40, 'Scream VI', 'Scream6.jpg', '3D', 'DOB'),
(41, 'Ant-Man Quantunmania', 'AntMan-Quantumania.jpg', '3D', 'DOB'),
(42, 'Ellas Hablan', 'Ellas-Hablan.jpg', '2D', 'SUB'),
(43, 'Creed III', 'CreedIII.jpg', '2D', 'SUB'),
(44, 'El Gato con Botas', 'El-Gato-Con-Botas.jpg', '2D', 'DOB');

-- --------------------------------------------------------

--
-- Estructura de tabla para la tabla `pelicula-sala`
--

CREATE TABLE `pelicula-sala` (
  `IDFUNCION` int(11) NOT NULL,
  `IDPELI` int(11) NOT NULL,
  `IDSALA` int(11) NOT NULL,
  `HORARIO` varchar(50) NOT NULL
) ENGINE=InnoDB DEFAULT CHARSET=utf8;

--
-- Volcado de datos para la tabla `pelicula-sala`
--

INSERT INTO `pelicula-sala` (`IDFUNCION`, `IDPELI`, `IDSALA`, `HORARIO`) VALUES
(91, 39, 1, '17:00'),
(92, 39, 2, '20:00'),
(93, 39, 2, '18:00'),
(94, 40, 1, '16:00'),
(95, 40, 2, '20:00'),
(96, 40, 3, '19:00'),
(97, 41, 1, '17:00'),
(98, 41, 2, '19:00'),
(99, 41, 3, '21:00'),
(100, 42, 1, '16:00'),
(101, 42, 2, '20:00'),
(102, 42, 3, '19:00'),
(103, 43, 1, '17:00'),
(104, 43, 3, '19:00'),
(105, 44, 3, '20:00'),
(106, 44, 1, '17:00');

-- --------------------------------------------------------

--
-- Estructura de tabla para la tabla `producto`
--

CREATE TABLE `producto` (
  `id` int(11) NOT NULL,
  `nombre` varchar(20) NOT NULL,
  `unidad` varchar(5) NOT NULL,
  `cantidad` double NOT NULL
) ENGINE=InnoDB DEFAULT CHARSET=utf8mb4;

--
-- Volcado de datos para la tabla `producto`
--

INSERT INTO `producto` (`id`, `nombre`, `unidad`, `cantidad`) VALUES
(1, 'Coca Cola', 'L', 13.1),
(2, 'Sprite', 'L', 10),
(3, 'Palomita', 'Kg', 16.1),
(4, 'Arcor', ' ', 5),
(5, 'Para Ti', ' ', 13);

-- --------------------------------------------------------

--
-- Estructura de tabla para la tabla `registros`
--

CREATE TABLE `registros` (
  `IDREGISTRO` int(11) NOT NULL,
  `IDPRODUCTO` int(11) NOT NULL,
  `HORA` datetime NOT NULL DEFAULT current_timestamp(),
  `SALDOANT` float NOT NULL,
  `ENTRADAPROD` float NOT NULL,
  `SALIDAPROD` float NOT NULL,
  `SALDOPROD` float NOT NULL
) ENGINE=InnoDB DEFAULT CHARSET=utf8;

--
-- Volcado de datos para la tabla `registros`
--

INSERT INTO `registros` (`IDREGISTRO`, `IDPRODUCTO`, `HORA`, `SALDOANT`, `ENTRADAPROD`, `SALIDAPROD`, `SALDOPROD`) VALUES
(28, 1, '2023-04-09 19:05:14', 9.7, 0, 0.6, 9.1),
(29, 3, '2023-04-09 19:05:14', 16.9, 0, 0.8, 16.1),
(34, 1, '2023-04-09 00:00:00', 11.1, 2, 0, 13.1);

-- --------------------------------------------------------

--
-- Estructura de tabla para la tabla `sala`
--

CREATE TABLE `sala` (
  `IDSALA` int(11) NOT NULL,
  `NOMBRE_SALA` varchar(20) NOT NULL,
  `FILAS` int(11) NOT NULL,
  `COLUMNAS` int(11) NOT NULL
) ENGINE=InnoDB DEFAULT CHARSET=utf8;

--
-- Volcado de datos para la tabla `sala`
--

INSERT INTO `sala` (`IDSALA`, `NOMBRE_SALA`, `FILAS`, `COLUMNAS`) VALUES
(1, 'Sala 1', 8, 8),
(2, 'Sala 2', 8, 8),
(3, 'Sala 3', 8, 8);

-- --------------------------------------------------------

--
-- Estructura de tabla para la tabla `usuarios`
--

CREATE TABLE `usuarios` (
  `ID` int(11) NOT NULL,
  `USERNAME` varchar(40) NOT NULL,
  `PASSWORD` varchar(100) NOT NULL,
  `NAME` varchar(100) NOT NULL,
  `PHONE` varchar(20) NOT NULL,
  `CI` varchar(20) NOT NULL,
  `CHARGE` varchar(30) NOT NULL,
  `ISADMIN` varchar(5) NOT NULL,
  `LASTLOGIN` datetime DEFAULT current_timestamp()
) ;

--
-- Volcado de datos para la tabla `usuarios`
--

INSERT INTO `usuarios` (`ID`, `USERNAME`, `PASSWORD`, `NAME`, `PHONE`, `CI`, `CHARGE`, `ISADMIN`, `LASTLOGIN`) VALUES
(5, 'VitoPimentel', 'd033e22ae348aeb5660fc2140aec35850c4da997', 'Vito Pimentel', '75432812', '13721137', 'Desarrollador', 'Si', '2023-04-09 12:14:24'),
(6, 'NicolasZelaya', 'd033e22ae348aeb5660fc2140aec35850c4da997', 'Nicolás Zelaya', '78963215', '14789663', 'Desarrollador', 'Si', '2023-04-09 00:22:29'),
(7, 'JasielCampos', 'd033e22ae348aeb5660fc2140aec35850c4da997', 'Jasiel Campos', '75425118', '14758321', 'Desarrolladora', 'Si', '2023-04-09 00:22:42'),
(8, 'PedroMartinez', 'b665e217b51994789b02b1838e730d6b93baa30f', 'Pedro Martinez', '70354882', '19645778', 'Vendedor', 'No', '2023-04-09 00:23:13');

-- --------------------------------------------------------

--
-- Estructura de tabla para la tabla `venta`
--

CREATE TABLE `venta` (
  `IDVENTA` int(11) NOT NULL,
  `IDPELI` int(11) NOT NULL,
  `HORARIO` varchar(10) NOT NULL,
  `FECHA` datetime NOT NULL,
  `PRECIO` float NOT NULL,
  `ASIENTO` varchar(5) NOT NULL,
  `SALA` varchar(20) NOT NULL,
  `DIA` varchar(15) NOT NULL,
  `COMPRA` varchar(5) NOT NULL,
  `IDCOMPRADOR` int(11) NOT NULL,
  `USADA` varchar(1) NOT NULL DEFAULT 'N'
) ENGINE=InnoDB DEFAULT CHARSET=utf8;

--
-- Volcado de datos para la tabla `venta`
--

INSERT INTO `venta` (`IDVENTA`, `IDPELI`, `HORARIO`, `FECHA`, `PRECIO`, `ASIENTO`, `SALA`, `DIA`, `COMPRA`, `IDCOMPRADOR`, `USADA`) VALUES
(103, 40, '20:00', '2023-03-28 20:38:39', 35, 'G4', 'Sala 2', 'Martes', 'P', 0, 'N'),
(104, 40, '20:00', '2023-03-28 20:38:39', 35, 'G5', 'Sala 2', 'Martes', 'P', 0, 'N'),
(128, 44, '20:00', '2023-03-29 00:05:43', 40, 'C6', 'Sala 3', 'Miércoles', 'P', 0, 'N'),
(129, 40, '20:00', '2023-03-29 00:06:59', 45, 'C5', 'Sala 2', 'Miércoles', 'P', 0, 'N'),
(130, 40, '20:00', '2023-03-29 00:06:59', 45, 'C6', 'Sala 2', 'Miércoles', 'P', 0, 'N'),
(131, 40, '20:00', '2023-03-29 00:06:59', 45, 'C7', 'Sala 2', 'Miércoles', 'P', 0, 'N'),
(132, 44, '17:00', '2023-03-29 00:09:53', 40, 'E4', 'Sala 1', 'Miércoles', 'P', 0, 'N'),
(133, 44, '17:00', '2023-03-29 00:09:53', 40, 'E5', 'Sala 1', 'Miércoles', 'P', 0, 'N'),
(134, 39, '18:00', '2023-03-29 00:10:35', 40, 'B4', 'Sala 2', 'Miércoles', 'P', 0, 'N'),
(135, 39, '18:00', '2023-03-29 00:10:35', 40, 'B5', 'Sala 2', 'Miércoles', 'P', 0, 'N'),
(136, 39, '18:00', '2023-03-29 00:11:03', 40, 'D4', 'Sala 2', 'Miércoles', 'P', 0, 'N'),
(137, 39, '18:00', '2023-03-29 00:11:03', 40, 'D5', 'Sala 2', 'Miércoles', 'P', 0, 'N'),
(138, 39, '18:00', '2023-03-29 00:12:36', 40, 'F2', 'Sala 2', 'Miércoles', 'P', 0, 'N'),
(139, 39, '18:00', '2023-03-29 00:12:36', 40, 'F3', 'Sala 2', 'Miércoles', 'P', 0, 'N'),
(140, 39, '18:00', '2023-03-29 00:12:36', 40, 'E3', 'Sala 2', 'Miércoles', 'P', 0, 'N'),
(141, 39, '18:00', '2023-03-29 00:14:23', 40, 'F7', 'Sala 2', 'Miércoles', 'P', 0, 'N'),
(142, 39, '18:00', '2023-03-29 00:14:23', 40, 'F8', 'Sala 2', 'Miércoles', 'P', 0, 'N'),
(143, 40, '19:00', '2023-03-29 00:17:55', 45, 'D5', 'Sala 3', 'Miércoles', 'P', 0, 'N'),
(144, 40, '19:00', '2023-03-29 00:17:55', 45, 'D6', 'Sala 3', 'Miércoles', 'P', 0, 'N'),
(145, 40, '20:00', '2023-03-29 00:19:44', 45, 'E5', 'Sala 2', 'Miércoles', 'P', 0, 'N'),
(146, 40, '20:00', '2023-03-29 00:19:44', 45, 'E6', 'Sala 2', 'Miércoles', 'P', 0, 'N'),
(147, 40, '19:00', '2023-03-29 00:20:12', 45, 'F6', 'Sala 3', 'Miércoles', 'P', 0, 'N'),
(148, 40, '19:00', '2023-03-29 00:24:18', 45, 'G6', 'Sala 3', 'Miércoles', 'P', 0, 'N'),
(149, 40, '19:00', '2023-03-29 00:30:13', 45, 'F7', 'Sala 3', 'Miércoles', 'P', 0, 'N'),
(150, 41, '19:00', '2023-03-29 00:30:29', 45, 'F8', 'Sala 2', 'Miércoles', 'P', 0, 'N'),
(151, 39, '20:00', '2023-03-29 00:32:03', 40, 'D5', 'Sala 2', 'Miércoles', 'P', 0, 'N'),
(152, 40, '20:00', '2023-03-29 00:32:15', 45, 'F5', 'Sala 2', 'Miércoles', 'P', 0, 'N'),
(153, 40, '20:00', '2023-03-29 00:32:58', 45, 'D6', 'Sala 2', 'Miércoles', 'P', 0, 'N'),
(154, 40, '20:00', '2023-03-29 00:32:58', 45, 'D5', 'Sala 2', 'Miércoles', 'P', 0, 'N'),
(155, 40, '19:00', '2023-03-29 00:34:49', 45, 'E5', 'Sala 3', 'Miércoles', 'P', 0, 'N'),
(156, 40, '19:00', '2023-03-29 00:34:49', 45, 'E6', 'Sala 3', 'Miércoles', 'P', 0, 'N'),
(157, 44, '20:00', '2023-03-29 00:42:32', 40, 'F3', 'Sala 3', 'Miércoles', 'P', 0, 'N'),
(158, 44, '20:00', '2023-03-29 00:42:32', 40, 'F5', 'Sala 3', 'Miércoles', 'P', 0, 'N'),
(159, 44, '20:00', '2023-03-29 00:42:32', 40, 'F4', 'Sala 3', 'Miércoles', 'P', 0, 'N'),
(160, 43, '17:00', '2023-03-29 00:43:43', 40, 'F4', 'Sala 1', 'Miércoles', 'P', 0, 'N'),
(161, 43, '17:00', '2023-03-29 00:43:43', 40, 'F5', 'Sala 1', 'Miércoles', 'P', 0, 'N'),
(162, 43, '17:00', '2023-03-29 00:43:43', 40, 'F6', 'Sala 1', 'Miércoles', 'P', 0, 'N'),
(163, 42, '19:00', '2023-03-29 00:44:25', 40, 'E5', 'Sala 3', 'Miércoles', 'P', 0, 'N'),
(164, 42, '19:00', '2023-03-29 00:44:25', 40, 'E3', 'Sala 3', 'Miércoles', 'P', 0, 'N'),
(165, 42, '19:00', '2023-03-29 00:44:25', 40, 'E4', 'Sala 3', 'Miércoles', 'P', 0, 'N'),
(166, 42, '20:00', '2023-03-29 00:46:59', 40, 'E3', 'Sala 2', 'Miércoles', 'P', 0, 'N'),
(167, 42, '20:00', '2023-03-29 00:46:59', 40, 'E4', 'Sala 2', 'Miércoles', 'P', 0, 'N'),
(168, 42, '20:00', '2023-03-29 00:46:59', 40, 'E5', 'Sala 2', 'Miércoles', 'P', 0, 'N'),
(169, 41, '19:00', '2023-03-29 01:14:49', 45, 'E4', 'Sala 2', 'Miércoles', 'P', 0, 'N'),
(170, 41, '19:00', '2023-03-29 01:14:49', 45, 'E6', 'Sala 2', 'Miércoles', 'P', 0, 'N'),
(171, 41, '19:00', '2023-03-29 01:14:49', 45, 'E5', 'Sala 2', 'Miércoles', 'P', 0, 'N'),
(172, 44, '17:00', '2023-03-29 01:15:45', 40, 'B4', 'Sala 1', 'Miércoles', 'P', 0, 'N'),
(173, 44, '17:00', '2023-03-29 01:15:45', 40, 'B5', 'Sala 1', 'Miércoles', 'P', 0, 'N'),
(174, 44, '17:00', '2023-03-29 01:15:45', 40, 'B6', 'Sala 1', 'Miércoles', 'P', 0, 'N'),
(175, 40, '20:00', '2023-03-29 01:17:20', 45, 'B2', 'Sala 2', 'Miércoles', 'P', 0, 'N'),
(176, 40, '20:00', '2023-03-29 01:17:20', 45, 'B4', 'Sala 2', 'Miércoles', 'P', 0, 'N'),
(177, 40, '20:00', '2023-03-29 01:17:20', 45, 'B3', 'Sala 2', 'Miércoles', 'P', 0, 'N'),
(178, 41, '19:00', '2023-03-29 01:19:40', 45, 'C5', 'Sala 2', 'Miércoles', 'P', 0, 'N'),
(179, 41, '19:00', '2023-03-29 01:19:40', 45, 'C6', 'Sala 2', 'Miércoles', 'P', 0, 'N'),
(180, 40, '20:00', '2023-03-29 01:20:12', 45, 'C2', 'Sala 2', 'Miércoles', 'P', 0, 'N'),
(181, 40, '20:00', '2023-03-29 01:20:12', 45, 'C3', 'Sala 2', 'Miércoles', 'P', 0, 'N'),
(182, 44, '20:00', '2023-03-29 01:20:58', 40, 'D5', 'Sala 3', 'Miércoles', 'P', 0, 'N'),
(183, 44, '20:00', '2023-03-29 01:20:58', 40, 'D6', 'Sala 3', 'Miércoles', 'P', 0, 'N'),
(184, 42, '20:00', '2023-03-29 01:21:31', 40, 'F2', 'Sala 2', 'Miércoles', 'P', 0, 'N'),
(185, 42, '20:00', '2023-03-29 01:21:31', 40, 'F3', 'Sala 2', 'Miércoles', 'P', 0, 'N'),
(186, 42, '20:00', '2023-03-29 01:21:31', 40, 'F4', 'Sala 2', 'Miércoles', 'P', 0, 'N'),
(187, 44, '17:00', '2023-03-29 01:22:00', 40, 'F3', 'Sala 1', 'Miércoles', 'P', 0, 'N'),
(188, 44, '17:00', '2023-03-29 01:22:00', 40, 'F4', 'Sala 1', 'Miércoles', 'P', 0, 'N'),
(189, 39, '18:00', '2023-03-29 01:22:15', 40, 'F5', 'Sala 2', 'Miércoles', 'P', 0, 'N'),
(190, 39, '18:00', '2023-03-29 01:22:15', 40, 'F6', 'Sala 2', 'Miércoles', 'P', 0, 'N'),
(259, 40, '20:00', '2023-04-08 13:14:28', 35, 'F7', 'Sala 2', 'Sábado', 'P', 0, 'N'),
(260, 40, '20:00', '2023-04-08 13:14:28', 35, 'F6', 'Sala 2', 'Sábado', 'P', 0, 'N'),
(261, 40, '20:00', '2023-04-08 13:14:28', 35, 'F5', 'Sala 2', 'Sábado', 'P', 0, 'N'),
(262, 40, '19:00', '2023-04-08 13:43:10', 35, 'F5', 'Sala 3', 'Sábado', 'P', 0, 'N'),
(263, 40, '19:00', '2023-04-08 13:43:10', 35, 'F6', 'Sala 3', 'Sábado', 'P', 0, 'N'),
(264, 40, '19:00', '2023-04-08 13:43:10', 35, 'F7', 'Sala 3', 'Sábado', 'P', 0, 'N'),
(265, 40, '19:00', '2023-04-08 13:50:17', 35, 'G5', 'Sala 3', 'Sábado', 'P', 0, 'N'),
(266, 40, '19:00', '2023-04-08 13:50:17', 35, 'G6', 'Sala 3', 'Sábado', 'P', 0, 'N'),
(267, 40, '19:00', '2023-04-08 13:50:17', 35, 'G7', 'Sala 3', 'Sábado', 'P', 0, 'N'),
(268, 39, '18:00', '2023-04-08 13:51:49', 30, 'G3', 'Sala 2', 'Sábado', 'P', 0, 'N'),
(269, 39, '18:00', '2023-04-08 13:51:49', 30, 'G5', 'Sala 2', 'Sábado', 'P', 0, 'N'),
(270, 39, '18:00', '2023-04-08 13:51:49', 30, 'G4', 'Sala 2', 'Sábado', 'P', 0, 'N'),
(285, 41, '19:00', '2023-04-08 15:15:28', 35, 'G4', 'Sala 2', 'Sábado', 'P', 0, 'N'),
(286, 41, '19:00', '2023-04-08 15:15:28', 35, 'G6', 'Sala 2', 'Sábado', 'P', 0, 'N'),
(287, 41, '19:00', '2023-04-08 15:15:28', 35, 'G5', 'Sala 2', 'Sábado', 'P', 0, 'N'),
(288, 40, '19:00', '2023-04-08 15:17:47', 35, 'H6', 'Sala 3', 'Sábado', 'P', 0, 'N'),
(289, 40, '19:00', '2023-04-08 15:17:47', 35, 'H7', 'Sala 3', 'Sábado', 'P', 0, 'N'),
(290, 40, '19:00', '2023-04-08 15:17:47', 35, 'H8', 'Sala 3', 'Sábado', 'P', 0, 'N'),
(291, 40, '19:00', '2023-04-08 15:18:02', 35, 'E3', 'Sala 3', 'Sábado', 'P', 0, 'N'),
(292, 40, '19:00', '2023-04-08 15:18:02', 35, 'F3', 'Sala 3', 'Sábado', 'P', 0, 'N'),
(293, 40, '19:00', '2023-04-08 15:18:02', 35, 'F4', 'Sala 3', 'Sábado', 'P', 0, 'N'),
(294, 41, '21:00', '2023-04-08 15:26:43', 35, 'E5', 'Sala 3', 'Sábado', 'P', 0, 'N'),
(295, 41, '21:00', '2023-04-08 15:26:43', 35, 'E6', 'Sala 3', 'Sábado', 'P', 0, 'N'),
(296, 41, '21:00', '2023-04-08 15:26:43', 35, 'E7', 'Sala 3', 'Sábado', 'P', 0, 'N'),
(300, 40, '19:00', '2023-04-08 15:52:35', 35, 'D6', 'Sala 3', 'Sábado', 'P', 0, 'N'),
(301, 40, '19:00', '2023-04-08 15:52:35', 35, 'D5', 'Sala 3', 'Sábado', 'P', 0, 'N'),
(302, 40, '19:00', '2023-04-08 15:52:35', 35, 'D7', 'Sala 3', 'Sábado', 'P', 0, 'N'),
(303, 43, '19:00', '2023-04-08 15:52:46', 30, 'C4', 'Sala 3', 'Sábado', 'P', 0, 'N'),
(304, 43, '19:00', '2023-04-08 15:52:46', 30, 'C5', 'Sala 3', 'Sábado', 'P', 0, 'N'),
(305, 43, '19:00', '2023-04-08 15:52:46', 30, 'C6', 'Sala 3', 'Sábado', 'P', 0, 'N'),
(306, 40, '20:00', '2023-04-08 16:08:45', 35, 'G4', 'Sala 2', 'Sábado', 'P', 0, 'N'),
(307, 40, '20:00', '2023-04-08 16:08:45', 35, 'G6', 'Sala 2', 'Sábado', 'P', 0, 'N'),
(309, 39, '17:00', '2023-04-09 13:08:31', 30, 'H5', 'Sala 1', 'Sábado', 'P', 0, 'N'),
(310, 39, '17:00', '2023-04-09 13:08:31', 30, 'H4', 'Sala 1', 'Sábado', 'P', 0, 'N'),
(311, 39, '17:00', '2023-04-09 13:08:31', 30, 'H6', 'Sala 1', 'Sábado', 'P', 0, 'N'),
(312, 39, '17:00', '2023-04-09 13:09:08', 35, 'G4', 'Sala 1', 'Domingo', 'P', 0, 'N'),
(313, 39, '17:00', '2023-04-09 13:09:08', 35, 'G6', 'Sala 1', 'Domingo', 'P', 0, 'N'),
(314, 39, '17:00', '2023-04-09 13:09:08', 35, 'G5', 'Sala 1', 'Domingo', 'P', 0, 'N'),
(315, 39, '17:00', '2023-04-09 13:10:42', 35, 'H5', 'Sala 1', 'Domingo', 'P', 0, 'N'),
(316, 39, '17:00', '2023-04-09 13:10:42', 35, 'H4', 'Sala 1', 'Domingo', 'P', 0, 'N'),
(317, 39, '17:00', '2023-04-09 13:10:42', 35, 'H6', 'Sala 1', 'Domingo', 'P', 0, 'N'),
(318, 39, '17:00', '2023-04-09 13:12:05', 35, 'H6', 'Sala 1', 'Domingo', 'P', 0, 'N'),
(319, 39, '17:00', '2023-04-09 13:12:05', 35, 'H5', 'Sala 1', 'Domingo', 'P', 0, 'N'),
(320, 39, '17:00', '2023-04-09 13:12:05', 35, 'H7', 'Sala 1', 'Domingo', 'P', 0, 'N'),
(321, 39, '17:00', '2023-04-09 13:12:19', 30, 'H6', 'Sala 1', 'Lunes', 'P', 0, 'N'),
(322, 39, '17:00', '2023-04-09 13:12:19', 30, 'H7', 'Sala 1', 'Lunes', 'P', 0, 'N'),
(323, 39, '17:00', '2023-04-09 13:12:19', 30, 'H5', 'Sala 1', 'Lunes', 'P', 0, 'N'),
(328, 40, '20:00', '2023-04-09 14:14:23', 45, 'G4', 'Sala 2', 'Miércoles', 'P', 0, 'N'),
(329, 40, '20:00', '2023-04-09 14:14:23', 45, 'G5', 'Sala 2', 'Miércoles', 'P', 0, 'N'),
(330, 40, '20:00', '2023-04-09 14:14:23', 45, 'G6', 'Sala 2', 'Miércoles', 'P', 0, 'N'),
(337, 39, '17:00', '2023-04-09 15:53:30', 35, 'G6', 'Sala 1', 'Domingo', 'P', 0, 'N'),
(338, 39, '17:00', '2023-04-09 15:53:30', 35, 'G5', 'Sala 1', 'Domingo', 'P', 0, 'N'),
(339, 39, '17:00', '2023-04-09 15:53:30', 35, 'G4', 'Sala 1', 'Domingo', 'P', 0, 'N'),
(346, 39, '17:00', '2023-04-09 16:03:26', 40, 'D3', 'Sala 1', 'Miércoles', 'V', 98, 'N'),
(347, 39, '17:00', '2023-04-09 16:03:26', 40, 'D5', 'Sala 1', 'Miércoles', 'V', 98, 'N'),
(348, 39, '17:00', '2023-04-09 16:03:26', 40, 'D4', 'Sala 1', 'Miércoles', 'V', 98, 'N'),
(349, 39, '17:00', '2023-04-09 16:03:26', 40, 'D6', 'Sala 1', 'Miércoles', 'V', 98, 'N'),
(350, 41, '21:00', '2023-04-09 17:23:14', 40, 'F5', 'Sala 3', 'Domingo', 'P', 0, 'N'),
(351, 41, '21:00', '2023-04-09 17:23:14', 40, 'F6', 'Sala 3', 'Domingo', 'P', 0, 'N'),
(352, 41, '21:00', '2023-04-09 17:23:14', 40, 'F7', 'Sala 3', 'Domingo', 'P', 0, 'N'),
(353, 41, '21:00', '2023-04-09 17:23:44', 40, 'D5', 'Sala 3', 'Domingo', 'P', 0, 'N'),
(354, 41, '21:00', '2023-04-09 17:23:44', 40, 'D6', 'Sala 3', 'Domingo', 'P', 0, 'N'),
(355, 41, '21:00', '2023-04-09 17:23:44', 40, 'D7', 'Sala 3', 'Domingo', 'P', 0, 'N'),
(356, 39, '20:00', '2023-04-09 17:30:28', 35, 'G3', 'Sala 2', 'Domingo', 'P', 0, 'N'),
(357, 39, '20:00', '2023-04-09 17:30:28', 35, 'G4', 'Sala 2', 'Domingo', 'P', 0, 'N'),
(358, 39, '20:00', '2023-04-09 17:30:28', 35, 'G5', 'Sala 2', 'Domingo', 'P', 0, 'N'),
(359, 41, '21:00', '2023-04-09 17:35:25', 40, 'H4', 'Sala 3', 'Domingo', 'P', 0, 'N'),
(360, 41, '21:00', '2023-04-09 17:35:25', 40, 'H5', 'Sala 3', 'Domingo', 'P', 0, 'N'),
(361, 41, '21:00', '2023-04-09 17:35:25', 40, 'H6', 'Sala 3', 'Domingo', 'P', 0, 'N'),
(362, 39, '18:00', '2023-04-09 17:37:29', 35, 'E4', 'Sala 2', 'Domingo', 'P', 0, 'N'),
(363, 39, '18:00', '2023-04-09 17:37:29', 35, 'E5', 'Sala 2', 'Domingo', 'P', 0, 'N'),
(364, 39, '18:00', '2023-04-09 17:37:29', 35, 'E6', 'Sala 2', 'Domingo', 'P', 0, 'N'),
(365, 39, '18:00', '2023-04-09 17:40:30', 30, 'D4', 'Sala 2', 'Martes', 'P', 0, 'N'),
(366, 39, '18:00', '2023-04-09 17:40:30', 30, 'D5', 'Sala 2', 'Martes', 'P', 0, 'N'),
(367, 39, '18:00', '2023-04-09 17:40:30', 30, 'D6', 'Sala 2', 'Martes', 'P', 0, 'N'),
(368, 39, '18:00', '2023-04-09 17:42:20', 40, 'D3', 'Sala 2', 'Miércoles', 'P', 0, 'N'),
(369, 39, '18:00', '2023-04-09 17:42:20', 40, 'D4', 'Sala 2', 'Miércoles', 'P', 0, 'N'),
(370, 39, '18:00', '2023-04-09 17:42:20', 40, 'D5', 'Sala 2', 'Miércoles', 'P', 0, 'N');

-- --------------------------------------------------------

--
-- Estructura de tabla para la tabla `ventasnack`
--

CREATE TABLE `ventasnack` (
  `IDVENTA` int(11) NOT NULL,
  `FECHA` datetime NOT NULL DEFAULT current_timestamp(),
  `CANTIDAD` int(11) NOT NULL,
  `PRECIO` float NOT NULL,
  `IDCOMBO` int(11) DEFAULT NULL
) ENGINE=InnoDB DEFAULT CHARSET=utf8;

--
-- Volcado de datos para la tabla `ventasnack`
--

INSERT INTO `ventasnack` (`IDVENTA`, `FECHA`, `CANTIDAD`, `PRECIO`, `IDCOMBO`) VALUES
(1, '2023-03-21 23:13:16', 1, 15, 1),
(2, '2023-03-21 23:13:36', 2, 38, 2),
(3, '2023-03-21 23:13:36', 3, 45, 1),
(4, '2023-03-21 23:41:12', 1, 19, 2),
(5, '2023-03-21 23:42:27', 1, 19, 2),
(6, '2023-03-21 23:42:44', 1, 19, 2),
(7, '2023-03-21 23:42:54', 1, 19, 2),
(8, '2023-03-21 23:43:11', 1, 19, 2),
(9, '2023-03-21 23:43:41', 1, 19, 2),
(10, '2023-03-21 23:43:48', 1, 19, 2),
(11, '2023-03-21 23:44:07', 1, 19, 2),
(12, '2023-03-21 23:45:56', 1, 19, 2),
(13, '2023-03-21 23:46:32', 1, 19, 2),
(14, '2023-03-21 23:47:33', 1, 19, 2),
(15, '2023-03-21 23:48:21', 1, 19, 2),
(16, '2023-03-21 23:52:59', 1, 19, 2),
(17, '2023-03-21 23:53:34', 1, 19, 2),
(18, '2023-03-22 01:21:40', 2, 38, 2),
(19, '2023-03-22 01:21:40', 1, 15, 1),
(20, '2023-04-08 15:38:07', 2, 30, 1),
(21, '2023-04-08 17:55:54', 2, 30, 1),
(22, '2023-04-08 17:55:54', 1, 19, 2),
(23, '2023-04-09 17:59:39', 1, 19, 2),
(24, '2023-04-09 17:59:39', 2, 30, 1),
(25, '2023-04-09 18:10:46', 2, 30, 1),
(26, '2023-04-09 18:14:22', 2, 30, 1),
(27, '2023-04-09 18:17:08', 2, 30, 1),
(28, '2023-04-09 18:20:22', 2, 30, 1),
(29, '2023-04-09 19:05:14', 2, 30, 1);

--
-- Índices para tablas volcadas
--

--
-- Indices de la tabla `asiento`
--
ALTER TABLE `asiento`
  ADD PRIMARY KEY (`IDBUTACA`);

--
-- Indices de la tabla `combo`
--
ALTER TABLE `combo`
  ADD PRIMARY KEY (`id`);

--
-- Indices de la tabla `comprador`
--
ALTER TABLE `comprador`
  ADD PRIMARY KEY (`IDCOMPRADOR`);

--
-- Indices de la tabla `dia`
--
ALTER TABLE `dia`
  ADD PRIMARY KEY (`IDDIA`);

--
-- Indices de la tabla `pelicula`
--
ALTER TABLE `pelicula`
  ADD PRIMARY KEY (`IDPELI`);

--
-- Indices de la tabla `pelicula-sala`
--
ALTER TABLE `pelicula-sala`
  ADD PRIMARY KEY (`IDFUNCION`);

--
-- Indices de la tabla `producto`
--
ALTER TABLE `producto`
  ADD PRIMARY KEY (`id`);

--
-- Indices de la tabla `registros`
--
ALTER TABLE `registros`
  ADD PRIMARY KEY (`IDREGISTRO`);

--
-- Indices de la tabla `sala`
--
ALTER TABLE `sala`
  ADD PRIMARY KEY (`IDSALA`);

--
-- Indices de la tabla `usuarios`
--
ALTER TABLE `usuarios`
  ADD PRIMARY KEY (`ID`);

--
-- Indices de la tabla `venta`
--
ALTER TABLE `venta`
  ADD PRIMARY KEY (`IDVENTA`),
  ADD KEY `IDPELI` (`IDPELI`);

--
-- Indices de la tabla `ventasnack`
--
ALTER TABLE `ventasnack`
  ADD PRIMARY KEY (`IDVENTA`);

--
-- AUTO_INCREMENT de las tablas volcadas
--

--
-- AUTO_INCREMENT de la tabla `asiento`
--
ALTER TABLE `asiento`
  MODIFY `IDBUTACA` int(11) NOT NULL AUTO_INCREMENT, AUTO_INCREMENT=3329;

--
-- AUTO_INCREMENT de la tabla `combo`
--
ALTER TABLE `combo`
  MODIFY `id` int(11) NOT NULL AUTO_INCREMENT, AUTO_INCREMENT=4;

--
-- AUTO_INCREMENT de la tabla `comprador`
--
ALTER TABLE `comprador`
  MODIFY `IDCOMPRADOR` int(11) NOT NULL AUTO_INCREMENT, AUTO_INCREMENT=99;

--
-- AUTO_INCREMENT de la tabla `pelicula`
--
ALTER TABLE `pelicula`
  MODIFY `IDPELI` int(11) NOT NULL AUTO_INCREMENT;

--
-- AUTO_INCREMENT de la tabla `pelicula-sala`
--
ALTER TABLE `pelicula-sala`
  MODIFY `IDFUNCION` int(11) NOT NULL AUTO_INCREMENT, AUTO_INCREMENT=107;

--
-- AUTO_INCREMENT de la tabla `producto`
--
ALTER TABLE `producto`
  MODIFY `id` int(11) NOT NULL AUTO_INCREMENT, AUTO_INCREMENT=6;

--
-- AUTO_INCREMENT de la tabla `registros`
--
ALTER TABLE `registros`
  MODIFY `IDREGISTRO` int(11) NOT NULL AUTO_INCREMENT, AUTO_INCREMENT=35;

--
-- AUTO_INCREMENT de la tabla `sala`
--
ALTER TABLE `sala`
  MODIFY `IDSALA` int(11) NOT NULL AUTO_INCREMENT, AUTO_INCREMENT=4;

--
-- AUTO_INCREMENT de la tabla `usuarios`
--
ALTER TABLE `usuarios`
  MODIFY `ID` int(11) NOT NULL AUTO_INCREMENT;

--
-- AUTO_INCREMENT de la tabla `venta`
--
ALTER TABLE `venta`
  MODIFY `IDVENTA` int(11) NOT NULL AUTO_INCREMENT, AUTO_INCREMENT=371;

--
-- AUTO_INCREMENT de la tabla `ventasnack`
--
ALTER TABLE `ventasnack`
  MODIFY `IDVENTA` int(11) NOT NULL AUTO_INCREMENT, AUTO_INCREMENT=30;

--
-- Restricciones para tablas volcadas
--

--
-- Filtros para la tabla `venta`
--
ALTER TABLE `venta`
  ADD CONSTRAINT `venta_ibfk_2` FOREIGN KEY (`IDPELI`) REFERENCES `pelicula` (`IDPELI`);
COMMIT;

/*!40101 SET CHARACTER_SET_CLIENT=@OLD_CHARACTER_SET_CLIENT */;
/*!40101 SET CHARACTER_SET_RESULTS=@OLD_CHARACTER_SET_RESULTS */;
/*!40101 SET COLLATION_CONNECTION=@OLD_COLLATION_CONNECTION */;
